project,bug,metadata_targets,source,evidence
Chart,1,org.jfree.chart.renderer.category.AbstractCategoryItemRenderer,AI_API/Campaign/manifest.json;config/round1-full854.json,saved manifest; not a fresh Defects4J query
Chart,2,org.jfree.data.general.DatasetUtilities,AI_API/Campaign/manifest.json;config/round1-full854.json,saved manifest; not a fresh Defects4J query
Chart,3,org.jfree.data.time.TimeSeries,AI_API/Campaign/manifest.json;config/round1-full854.json,saved manifest; not a fresh Defects4J query
Chart,4,org.jfree.chart.plot.XYPlot,AI_API/Campaign/manifest.json;config/round1-full854.json,saved manifest; not a fresh Defects4J query
Chart,5,org.jfree.data.xy.XYSeries,AI_API/Campaign/manifest.json;config/round1-full854.json,saved manifest; not a fresh Defects4J query
Chart,6,org.jfree.chart.util.ShapeList,AI_API/Campaign/manifest.json;config/round1-full854.json,saved manifest; not a fresh Defects4J query
Chart,7,org.jfree.data.time.TimePeriodValues,AI_API/Campaign/manifest.json;config/round1-full854.json,saved manifest; not a fresh Defects4J query
Chart,8,org.jfree.data.time.Week,AI_API/Campaign/manifest.json;config/round1-full854.json,saved manifest; not a fresh Defects4J query
Chart,9,org.jfree.data.time.TimeSeries,AI_API/Campaign/manifest.json;config/round1-full854.json,saved manifest; not a fresh Defects4J query
Chart,10,org.jfree.chart.imagemap.StandardToolTipTagFragmentGenerator,AI_API/Campaign/manifest.json;config/round1-full854.json,saved manifest; not a fresh Defects4J query
Chart,11,org.jfree.chart.util.ShapeUtilities,AI_API/Campaign/manifest.json;config/round1-full854.json,saved manifest; not a fresh Defects4J query
Chart,12,org.jfree.chart.plot.MultiplePiePlot,AI_API/Campaign/manifest.json;config/round1-full854.json,saved manifest; not a fresh Defects4J query
Chart,13,org.jfree.chart.block.BorderArrangement,AI_API/Campaign/manifest.json;config/round1-full854.json,saved manifest; not a fresh Defects4J query
Chart,14,org.jfree.chart.plot.CategoryPlot;org.jfree.chart.plot.XYPlot,AI_API/Campaign/manifest.json;config/round1-full854.json,saved manifest; not a fresh Defects4J query
Chart,15,org.jfree.chart.plot.PiePlot,AI_API/Campaign/manifest.json;config/round1-full854.json,saved manifest; not a fresh Defects4J query
Chart,16,org.jfree.data.category.DefaultIntervalCategoryDataset,AI_API/Campaign/manifest.json;config/round1-full854.json,saved manifest; not a fresh Defects4J query
Chart,17,org.jfree.data.time.TimeSeries,AI_API/Campaign/manifest.json;config/round1-full854.json,saved manifest; not a fresh Defects4J query
Chart,18,org.jfree.data.DefaultKeyedValues;org.jfree.data.DefaultKeyedValues2D,AI_API/Campaign/manifest.json;config/round1-full854.json,saved manifest; not a fresh Defects4J query
Chart,19,org.jfree.chart.plot.CategoryPlot,AI_API/Campaign/manifest.json;config/round1-full854.json,saved manifest; not a fresh Defects4J query
Chart,20,org.jfree.chart.plot.ValueMarker,AI_API/Campaign/manifest.json;config/round1-full854.json,saved manifest; not a fresh Defects4J query
Chart,21,org.jfree.data.statistics.DefaultBoxAndWhiskerCategoryDataset,AI_API/Campaign/manifest.json;config/round1-full854.json,saved manifest; not a fresh Defects4J query
Chart,22,org.jfree.data.KeyedObjects2D,AI_API/Campaign/manifest.json;config/round1-full854.json,saved manifest; not a fresh Defects4J query
Chart,23,org.jfree.chart.renderer.category.MinMaxCategoryRenderer,AI_API/Campaign/manifest.json;config/round1-full854.json,saved manifest; not a fresh Defects4J query
Chart,24,org.jfree.chart.renderer.GrayPaintScale,AI_API/Campaign/manifest.json;config/round1-full854.json,saved manifest; not a fresh Defects4J query
Chart,25,org.jfree.chart.renderer.category.StatisticalBarRenderer,AI_API/Campaign/manifest.json;config/round1-full854.json,saved manifest; not a fresh Defects4J query
Chart,26,org.jfree.chart.axis.Axis,AI_API/Campaign/manifest.json;config/round1-full854.json,saved manifest; not a fresh Defects4J query
Cli,1,org.apache.commons.cli.CommandLine,AI_API/Campaign/manifest.json;config/round1-full854.json,saved manifest; not a fresh Defects4J query
Cli,2,org.apache.commons.cli.PosixParser,AI_API/Campaign/manifest.json;config/round1-full854.json,saved manifest; not a fresh Defects4J query
Cli,3,org.apache.commons.cli.TypeHandler,AI_API/Campaign/manifest.json;config/round1-full854.json,saved manifest; not a fresh Defects4J query
Cli,4,org.apache.commons.cli.Parser,AI_API/Campaign/manifest.json;config/round1-full854.json,saved manifest; not a fresh Defects4J query
Cli,5,org.apache.commons.cli.Util,AI_API/Campaign/manifest.json;config/round1-full854.json,saved manifest; not a fresh Defects4J query
Cli,7,org.apache.commons.cli2.builder.PatternBuilder,AI_API/Campaign/manifest.json;config/round1-full854.json,saved manifest; not a fresh Defects4J query
Cli,8,org.apache.commons.cli.HelpFormatter,AI_API/Campaign/manifest.json;config/round1-full854.json,saved manifest; not a fresh Defects4J query
Cli,9,org.apache.commons.cli.Parser,AI_API/Campaign/manifest.json;config/round1-full854.json,saved manifest; not a fresh Defects4J query
Cli,10,org.apache.commons.cli.Parser,AI_API/Campaign/manifest.json;config/round1-full854.json,saved manifest; not a fresh Defects4J query
Cli,11,org.apache.commons.cli.HelpFormatter,AI_API/Campaign/manifest.json;config/round1-full854.json,saved manifest; not a fresh Defects4J query
Cli,12,org.apache.commons.cli.GnuParser,AI_API/Campaign/manifest.json;config/round1-full854.json,saved manifest; not a fresh Defects4J query
Cli,13,org.apache.commons.cli2.WriteableCommandLine;org.apache.commons.cli2.commandline.WriteableCommandLineImpl;org.apache.commons.cli2.option.ArgumentImpl,AI_API/Campaign/manifest.json;config/round1-full854.json,saved manifest; not a fresh Defects4J query
Cli,14,org.apache.commons.cli2.option.GroupImpl,AI_API/Campaign/manifest.json;config/round1-full854.json,saved manifest; not a fresh Defects4J query
Cli,15,org.apache.commons.cli2.commandline.WriteableCommandLineImpl,AI_API/Campaign/manifest.json;config/round1-full854.json,saved manifest; not a fresh Defects4J query
Cli,16,org.apache.commons.cli2.Option;org.apache.commons.cli2.commandline.WriteableCommandLineImpl;org.apache.commons.cli2.option.GroupImpl;org.apache.commons.cli2.option.OptionImpl,AI_API/Campaign/manifest.json;config/round1-full854.json,saved manifest; not a fresh Defects4J query
Cli,17,org.apache.commons.cli.PosixParser,AI_API/Campaign/manifest.json;config/round1-full854.json,saved manifest; not a fresh Defects4J query
Cli,18,org.apache.commons.cli.PosixParser,AI_API/Campaign/manifest.json;config/round1-full854.json,saved manifest; not a fresh Defects4J query
Cli,19,org.apache.commons.cli.PosixParser,AI_API/Campaign/manifest.json;config/round1-full854.json,saved manifest; not a fresh Defects4J query
Cli,20,org.apache.commons.cli.PosixParser,AI_API/Campaign/manifest.json;config/round1-full854.json,saved manifest; not a fresh Defects4J query
Cli,21,org.apache.commons.cli2.WriteableCommandLine;org.apache.commons.cli2.commandline.WriteableCommandLineImpl;org.apache.commons.cli2.option.GroupImpl,AI_API/Campaign/manifest.json;config/round1-full854.json,saved manifest; not a fresh Defects4J query
Cli,22,org.apache.commons.cli.PosixParser,AI_API/Campaign/manifest.json;config/round1-full854.json,saved manifest; not a fresh Defects4J query
Cli,23,org.apache.commons.cli.HelpFormatter,AI_API/Campaign/manifest.json;config/round1-full854.json,saved manifest; not a fresh Defects4J query
Cli,24,org.apache.commons.cli.HelpFormatter,AI_API/Campaign/manifest.json;config/round1-full854.json,saved manifest; not a fresh Defects4J query
Cli,25,org.apache.commons.cli.HelpFormatter,AI_API/Campaign/manifest.json;config/round1-full854.json,saved manifest; not a fresh Defects4J query
Cli,26,org.apache.commons.cli.OptionBuilder,AI_API/Campaign/manifest.json;config/round1-full854.json,saved manifest; not a fresh Defects4J query
Cli,27,org.apache.commons.cli.OptionGroup,AI_API/Campaign/manifest.json;config/round1-full854.json,saved manifest; not a fresh Defects4J query
Cli,28,org.apache.commons.cli.Parser,AI_API/Campaign/manifest.json;config/round1-full854.json,saved manifest; not a fresh Defects4J query
Cli,29,org.apache.commons.cli.Util,AI_API/Campaign/manifest.json;config/round1-full854.json,saved manifest; not a fresh Defects4J query
Cli,30,org.apache.commons.cli.DefaultParser;org.apache.commons.cli.Parser,AI_API/Campaign/manifest.json;config/round1-full854.json,saved manifest; not a fresh Defects4J query
Cli,31,org.apache.commons.cli.HelpFormatter;org.apache.commons.cli.Option;org.apache.commons.cli.OptionBuilder,AI_API/Campaign/manifest.json;config/round1-full854.json,saved manifest; not a fresh Defects4J query
Cli,32,org.apache.commons.cli.HelpFormatter,AI_API/Campaign/manifest.json;config/round1-full854.json,saved manifest; not a fresh Defects4J query
Cli,33,org.apache.commons.cli.HelpFormatter,AI_API/Campaign/manifest.json;config/round1-full854.json,saved manifest; not a fresh Defects4J query
Cli,34,org.apache.commons.cli.Option;org.apache.commons.cli.OptionBuilder,AI_API/Campaign/manifest.json;config/round1-full854.json,saved manifest; not a fresh Defects4J query
Cli,35,org.apache.commons.cli.Options,AI_API/Campaign/manifest.json;config/round1-full854.json,saved manifest; not a fresh Defects4J query
Cli,36,org.apache.commons.cli.OptionGroup;org.apache.commons.cli.Options,AI_API/Campaign/manifest.json;config/round1-full854.json,saved manifest; not a fresh Defects4J query
Cli,37,org.apache.commons.cli.DefaultParser,AI_API/Campaign/manifest.json;config/round1-full854.json,saved manifest; not a fresh Defects4J query
Cli,38,org.apache.commons.cli.DefaultParser,AI_API/Campaign/manifest.json;config/round1-full854.json,saved manifest; not a fresh Defects4J query
Cli,39,org.apache.commons.cli.TypeHandler,AI_API/Campaign/manifest.json;config/round1-full854.json,saved manifest; not a fresh Defects4J query
Cli,40,org.apache.commons.cli.TypeHandler,AI_API/Campaign/manifest.json;config/round1-full854.json,saved manifest; not a fresh Defects4J query
Closure,1,com.google.javascript.jscomp.RemoveUnusedVars,AI_API/Campaign/manifest.json;config/round1-full854.json,saved manifest; not a fresh Defects4J query
Closure,2,com.google.javascript.jscomp.TypeCheck,AI_API/Campaign/manifest.json;config/round1-full854.json,saved manifest; not a fresh Defects4J query
Closure,3,com.google.javascript.jscomp.FlowSensitiveInlineVariables,AI_API/Campaign/manifest.json;config/round1-full854.json,saved manifest; not a fresh Defects4J query
Closure,4,com.google.javascript.rhino.jstype.NamedType,AI_API/Campaign/manifest.json;config/round1-full854.json,saved manifest; not a fresh Defects4J query
Closure,5,com.google.javascript.jscomp.InlineObjectLiterals,AI_API/Campaign/manifest.json;config/round1-full854.json,saved manifest; not a fresh Defects4J query
Closure,6,com.google.javascript.jscomp.TypeValidator,AI_API/Campaign/manifest.json;config/round1-full854.json,saved manifest; not a fresh Defects4J query
Closure,7,com.google.javascript.jscomp.type.ChainableReverseAbstractInterpreter,AI_API/Campaign/manifest.json;config/round1-full854.json,saved manifest; not a fresh Defects4J query
Closure,8,com.google.javascript.jscomp.CollapseVariableDeclarations,AI_API/Campaign/manifest.json;config/round1-full854.json,saved manifest; not a fresh Defects4J query
Closure,9,com.google.javascript.jscomp.ProcessCommonJSModules,AI_API/Campaign/manifest.json;config/round1-full854.json,saved manifest; not a fresh Defects4J query
Closure,10,com.google.javascript.jscomp.NodeUtil,AI_API/Campaign/manifest.json;config/round1-full854.json,saved manifest; not a fresh Defects4J query
Closure,11,com.google.javascript.jscomp.TypeCheck,AI_API/Campaign/manifest.json;config/round1-full854.json,saved manifest; not a fresh Defects4J query
Closure,12,com.google.javascript.jscomp.MaybeReachingVariableUse,AI_API/Campaign/manifest.json;config/round1-full854.json,saved manifest; not a fresh Defects4J query
Closure,13,com.google.javascript.jscomp.PeepholeOptimizationsPass,AI_API/Campaign/manifest.json;config/round1-full854.json,saved manifest; not a fresh Defects4J query
Closure,14,com.google.javascript.jscomp.ControlFlowAnalysis,AI_API/Campaign/manifest.json;config/round1-full854.json,saved manifest; not a fresh Defects4J query
Closure,15,com.google.javascript.jscomp.FlowSensitiveInlineVariables,AI_API/Campaign/manifest.json;config/round1-full854.json,saved manifest; not a fresh Defects4J query
Closure,16,com.google.javascript.jscomp.ScopedAliases,AI_API/Campaign/manifest.json;config/round1-full854.json,saved manifest; not a fresh Defects4J query
Closure,17,com.google.javascript.jscomp.TypedScopeCreator,AI_API/Campaign/manifest.json;config/round1-full854.json,saved manifest; not a fresh Defects4J query
Closure,18,com.google.javascript.jscomp.Compiler,AI_API/Campaign/manifest.json;config/round1-full854.json,saved manifest; not a fresh Defects4J query
Closure,19,com.google.javascript.jscomp.type.ChainableReverseAbstractInterpreter,AI_API/Campaign/manifest.json;config/round1-full854.json,saved manifest; not a fresh Defects4J query
Closure,20,com.google.javascript.jscomp.PeepholeSubstituteAlternateSyntax,AI_API/Campaign/manifest.json;config/round1-full854.json,saved manifest; not a fresh Defects4J query
Closure,21,com.google.javascript.jscomp.CheckSideEffects,AI_API/Campaign/manifest.json;config/round1-full854.json,saved manifest; not a fresh Defects4J query
Closure,22,com.google.javascript.jscomp.CheckSideEffects,AI_API/Campaign/manifest.json;config/round1-full854.json,saved manifest; not a fresh Defects4J query
Closure,23,com.google.javascript.jscomp.PeepholeFoldConstants,AI_API/Campaign/manifest.json;config/round1-full854.json,saved manifest; not a fresh Defects4J query
Closure,24,com.google.javascript.jscomp.ScopedAliases,AI_API/Campaign/manifest.json;config/round1-full854.json,saved manifest; not a fresh Defects4J query
Closure,25,com.google.javascript.jscomp.TypeInference,AI_API/Campaign/manifest.json;config/round1-full854.json,saved manifest; not a fresh Defects4J query
Closure,26,com.google.javascript.jscomp.ProcessCommonJSModules,AI_API/Campaign/manifest.json;config/round1-full854.json,saved manifest; not a fresh Defects4J query
Closure,27,com.google.javascript.rhino.IR,AI_API/Campaign/manifest.json;config/round1-full854.json,saved manifest; not a fresh Defects4J query
Closure,28,com.google.javascript.jscomp.InlineCostEstimator,AI_API/Campaign/manifest.json;config/round1-full854.json,saved manifest; not a fresh Defects4J query
Closure,29,com.google.javascript.jscomp.InlineObjectLiterals,AI_API/Campaign/manifest.json;config/round1-full854.json,saved manifest; not a fresh Defects4J query
Closure,30,com.google.javascript.jscomp.FlowSensitiveInlineVariables;com.google.javascript.jscomp.MustBeReachingVariableDef,AI_API/Campaign/manifest.json;config/round1-full854.json,saved manifest; not a fresh Defects4J query
Closure,31,com.google.javascript.jscomp.Compiler,AI_API/Campaign/manifest.json;config/round1-full854.json,saved manifest; not a fresh Defects4J query
Closure,32,com.google.javascript.jscomp.parsing.JsDocInfoParser,AI_API/Campaign/manifest.json;config/round1-full854.json,saved manifest; not a fresh Defects4J query
Closure,33,com.google.javascript.rhino.jstype.PrototypeObjectType,AI_API/Campaign/manifest.json;config/round1-full854.json,saved manifest; not a fresh Defects4J query
Closure,34,com.google.javascript.jscomp.CodeGenerator;com.google.javascript.jscomp.CodePrinter,AI_API/Campaign/manifest.json;config/round1-full854.json,saved manifest; not a fresh Defects4J query
Closure,35,com.google.javascript.jscomp.TypeInference,AI_API/Campaign/manifest.json;config/round1-full854.json,saved manifest; not a fresh Defects4J query
Closure,36,com.google.javascript.jscomp.InlineVariables,AI_API/Campaign/manifest.json;config/round1-full854.json,saved manifest; not a fresh Defects4J query
Closure,37,com.google.javascript.jscomp.NodeTraversal;com.google.javascript.jscomp.parsing.IRFactory,AI_API/Campaign/manifest.json;config/round1-full854.json,saved manifest; not a fresh Defects4J query
Closure,38,com.google.javascript.jscomp.CodeConsumer,AI_API/Campaign/manifest.json;config/round1-full854.json,saved manifest; not a fresh Defects4J query
Closure,39,com.google.javascript.rhino.jstype.PrototypeObjectType,AI_API/Campaign/manifest.json;config/round1-full854.json,saved manifest; not a fresh Defects4J query
Closure,40,com.google.javascript.jscomp.NameAnalyzer,AI_API/Campaign/manifest.json;config/round1-full854.json,saved manifest; not a fresh Defects4J query
Closure,41,com.google.javascript.jscomp.FunctionTypeBuilder,AI_API/Campaign/manifest.json;config/round1-full854.json,saved manifest; not a fresh Defects4J query
Closure,42,com.google.javascript.jscomp.parsing.IRFactory,AI_API/Campaign/manifest.json;config/round1-full854.json,saved manifest; not a fresh Defects4J query
Closure,43,com.google.javascript.jscomp.TypedScopeCreator,AI_API/Campaign/manifest.json;config/round1-full854.json,saved manifest; not a fresh Defects4J query
Closure,44,com.google.javascript.jscomp.CodeConsumer,AI_API/Campaign/manifest.json;config/round1-full854.json,saved manifest; not a fresh Defects4J query
Closure,45,com.google.javascript.jscomp.RemoveUnusedVars,AI_API/Campaign/manifest.json;config/round1-full854.json,saved manifest; not a fresh Defects4J query
Closure,46,com.google.javascript.rhino.jstype.RecordType,AI_API/Campaign/manifest.json;config/round1-full854.json,saved manifest; not a fresh Defects4J query
Closure,47,com.google.debugging.sourcemap.SourceMapConsumerV3;com.google.javascript.jscomp.SourceMap,AI_API/Campaign/manifest.json;config/round1-full854.json,saved manifest; not a fresh Defects4J query
Closure,48,com.google.javascript.jscomp.TypedScopeCreator,AI_API/Campaign/manifest.json;config/round1-full854.json,saved manifest; not a fresh Defects4J query
Closure,49,com.google.javascript.jscomp.MakeDeclaredNamesUnique,AI_API/Campaign/manifest.json;config/round1-full854.json,saved manifest; not a fresh Defects4J query
Closure,50,com.google.javascript.jscomp.PeepholeReplaceKnownMethods,AI_API/Campaign/manifest.json;config/round1-full854.json,saved manifest; not a fresh Defects4J query
Closure,51,com.google.javascript.jscomp.CodeConsumer,AI_API/Campaign/manifest.json;config/round1-full854.json,saved manifest; not a fresh Defects4J query
Closure,52,com.google.javascript.jscomp.CodeGenerator,AI_API/Campaign/manifest.json;config/round1-full854.json,saved manifest; not a fresh Defects4J query
Closure,53,com.google.javascript.jscomp.InlineObjectLiterals,AI_API/Campaign/manifest.json;config/round1-full854.json,saved manifest; not a fresh Defects4J query
Closure,54,com.google.javascript.jscomp.TypedScopeCreator;com.google.javascript.rhino.jstype.FunctionType,AI_API/Campaign/manifest.json;config/round1-full854.json,saved manifest; not a fresh Defects4J query
Closure,55,com.google.javascript.jscomp.FunctionRewriter,AI_API/Campaign/manifest.json;config/round1-full854.json,saved manifest; not a fresh Defects4J query
Closure,56,com.google.javascript.jscomp.SourceFile,AI_API/Campaign/manifest.json;config/round1-full854.json,saved manifest; not a fresh Defects4J query
Closure,57,com.google.javascript.jscomp.ClosureCodingConvention,AI_API/Campaign/manifest.json;config/round1-full854.json,saved manifest; not a fresh Defects4J query
Closure,58,com.google.javascript.jscomp.LiveVariablesAnalysis,AI_API/Campaign/manifest.json;config/round1-full854.json,saved manifest; not a fresh Defects4J query
Closure,59,com.google.javascript.jscomp.Compiler,AI_API/Campaign/manifest.json;config/round1-full854.json,saved manifest; not a fresh Defects4J query
Closure,60,com.google.javascript.jscomp.NodeUtil,AI_API/Campaign/manifest.json;config/round1-full854.json,saved manifest; not a fresh Defects4J query
Closure,61,com.google.javascript.jscomp.NodeUtil,AI_API/Campaign/manifest.json;config/round1-full854.json,saved manifest; not a fresh Defects4J query
Closure,62,com.google.javascript.jscomp.LightweightMessageFormatter,AI_API/Campaign/manifest.json;config/round1-full854.json,saved manifest; not a fresh Defects4J query
Closure,64,com.google.javascript.jscomp.Compiler,AI_API/Campaign/manifest.json;config/round1-full854.json,saved manifest; not a fresh Defects4J query
Closure,65,com.google.javascript.jscomp.CodeGenerator,AI_API/Campaign/manifest.json;config/round1-full854.json,saved manifest; not a fresh Defects4J query
Closure,66,com.google.javascript.jscomp.TypeCheck,AI_API/Campaign/manifest.json;config/round1-full854.json,saved manifest; not a fresh Defects4J query
Closure,67,com.google.javascript.jscomp.AnalyzePrototypeProperties,AI_API/Campaign/manifest.json;config/round1-full854.json,saved manifest; not a fresh Defects4J query
Closure,68,com.google.javascript.jscomp.parsing.JsDocInfoParser,AI_API/Campaign/manifest.json;config/round1-full854.json,saved manifest; not a fresh Defects4J query
Closure,69,com.google.javascript.jscomp.TypeCheck,AI_API/Campaign/manifest.json;config/round1-full854.json,saved manifest; not a fresh Defects4J query
Closure,70,com.google.javascript.jscomp.TypedScopeCreator,AI_API/Campaign/manifest.json;config/round1-full854.json,saved manifest; not a fresh Defects4J query
Closure,71,com.google.javascript.jscomp.CheckAccessControls,AI_API/Campaign/manifest.json;config/round1-full854.json,saved manifest; not a fresh Defects4J query
Closure,72,com.google.javascript.jscomp.FunctionToBlockMutator;com.google.javascript.jscomp.RenameLabels,AI_API/Campaign/manifest.json;config/round1-full854.json,saved manifest; not a fresh Defects4J query
Closure,73,com.google.javascript.jscomp.CodeGenerator,AI_API/Campaign/manifest.json;config/round1-full854.json,saved manifest; not a fresh Defects4J query
Closure,74,com.google.javascript.jscomp.PeepholeFoldConstants,AI_API/Campaign/manifest.json;config/round1-full854.json,saved manifest; not a fresh Defects4J query
Closure,75,com.google.javascript.jscomp.NodeUtil,AI_API/Campaign/manifest.json;config/round1-full854.json,saved manifest; not a fresh Defects4J query
Closure,76,com.google.javascript.jscomp.DeadAssignmentsElimination,AI_API/Campaign/manifest.json;config/round1-full854.json,saved manifest; not a fresh Defects4J query
Closure,77,com.google.javascript.jscomp.CodeGenerator,AI_API/Campaign/manifest.json;config/round1-full854.json,saved manifest; not a fresh Defects4J query
Closure,78,com.google.javascript.jscomp.PeepholeFoldConstants,AI_API/Campaign/manifest.json;config/round1-full854.json,saved manifest; not a fresh Defects4J query
Closure,79,com.google.javascript.jscomp.Normalize;com.google.javascript.jscomp.VarCheck,AI_API/Campaign/manifest.json;config/round1-full854.json,saved manifest; not a fresh Defects4J query
Closure,80,com.google.javascript.jscomp.NodeUtil,AI_API/Campaign/manifest.json;config/round1-full854.json,saved manifest; not a fresh Defects4J query
Closure,81,com.google.javascript.jscomp.parsing.IRFactory,AI_API/Campaign/manifest.json;config/round1-full854.json,saved manifest; not a fresh Defects4J query
Closure,82,com.google.javascript.rhino.jstype.JSType,AI_API/Campaign/manifest.json;config/round1-full854.json,saved manifest; not a fresh Defects4J query
Closure,83,com.google.javascript.jscomp.CommandLineRunner,AI_API/Campaign/manifest.json;config/round1-full854.json,saved manifest; not a fresh Defects4J query
Closure,84,com.google.javascript.jscomp.parsing.IRFactory,AI_API/Campaign/manifest.json;config/round1-full854.json,saved manifest; not a fresh Defects4J query
Closure,85,com.google.javascript.jscomp.UnreachableCodeElimination,AI_API/Campaign/manifest.json;config/round1-full854.json,saved manifest; not a fresh Defects4J query
Closure,86,com.google.javascript.jscomp.NodeUtil,AI_API/Campaign/manifest.json;config/round1-full854.json,saved manifest; not a fresh Defects4J query
Closure,87,com.google.javascript.jscomp.PeepholeSubstituteAlternateSyntax,AI_API/Campaign/manifest.json;config/round1-full854.json,saved manifest; not a fresh Defects4J query
Closure,88,com.google.javascript.jscomp.DeadAssignmentsElimination,AI_API/Campaign/manifest.json;config/round1-full854.json,saved manifest; not a fresh Defects4J query
Closure,89,com.google.javascript.jscomp.CollapseProperties;com.google.javascript.jscomp.GlobalNamespace,AI_API/Campaign/manifest.json;config/round1-full854.json,saved manifest; not a fresh Defects4J query
Closure,90,com.google.javascript.jscomp.FunctionTypeBuilder;com.google.javascript.rhino.jstype.FunctionType,AI_API/Campaign/manifest.json;config/round1-full854.json,saved manifest; not a fresh Defects4J query
Closure,91,com.google.javascript.jscomp.CheckGlobalThis,AI_API/Campaign/manifest.json;config/round1-full854.json,saved manifest; not a fresh Defects4J query
Closure,92,com.google.javascript.jscomp.ProcessClosurePrimitives,AI_API/Campaign/manifest.json;config/round1-full854.json,saved manifest; not a fresh Defects4J query
Closure,94,com.google.javascript.jscomp.NodeUtil,AI_API/Campaign/manifest.json;config/round1-full854.json,saved manifest; not a fresh Defects4J query
Closure,95,com.google.javascript.jscomp.TypedScopeCreator,AI_API/Campaign/manifest.json;config/round1-full854.json,saved manifest; not a fresh Defects4J query
Closure,96,com.google.javascript.jscomp.TypeCheck,AI_API/Campaign/manifest.json;config/round1-full854.json,saved manifest; not a fresh Defects4J query
Closure,97,com.google.javascript.jscomp.PeepholeFoldConstants,AI_API/Campaign/manifest.json;config/round1-full854.json,saved manifest; not a fresh Defects4J query
Closure,98,com.google.javascript.jscomp.ReferenceCollectingCallback,AI_API/Campaign/manifest.json;config/round1-full854.json,saved manifest; not a fresh Defects4J query
Closure,99,com.google.javascript.jscomp.CheckGlobalThis,AI_API/Campaign/manifest.json;config/round1-full854.json,saved manifest; not a fresh Defects4J query
Closure,100,com.google.javascript.jscomp.CheckGlobalThis,AI_API/Campaign/manifest.json;config/round1-full854.json,saved manifest; not a fresh Defects4J query
Closure,101,com.google.javascript.jscomp.CommandLineRunner,AI_API/Campaign/manifest.json;config/round1-full854.json,saved manifest; not a fresh Defects4J query
Closure,102,com.google.javascript.jscomp.Normalize,AI_API/Campaign/manifest.json;config/round1-full854.json,saved manifest; not a fresh Defects4J query
Closure,103,com.google.javascript.jscomp.ControlFlowAnalysis;com.google.javascript.jscomp.DisambiguateProperties,AI_API/Campaign/manifest.json;config/round1-full854.json,saved manifest; not a fresh Defects4J query
Closure,104,com.google.javascript.rhino.jstype.UnionType,AI_API/Campaign/manifest.json;config/round1-full854.json,saved manifest; not a fresh Defects4J query
Closure,105,com.google.javascript.jscomp.FoldConstants,AI_API/Campaign/manifest.json;config/round1-full854.json,saved manifest; not a fresh Defects4J query
Closure,106,com.google.javascript.jscomp.GlobalNamespace;com.google.javascript.rhino.JSDocInfoBuilder,AI_API/Campaign/manifest.json;config/round1-full854.json,saved manifest; not a fresh Defects4J query
Closure,107,com.google.javascript.jscomp.CommandLineRunner,AI_API/Campaign/manifest.json;config/round1-full854.json,saved manifest; not a fresh Defects4J query
Closure,108,com.google.javascript.jscomp.ScopedAliases,AI_API/Campaign/manifest.json;config/round1-full854.json,saved manifest; not a fresh Defects4J query
Closure,109,com.google.javascript.jscomp.parsing.JsDocInfoParser,AI_API/Campaign/manifest.json;config/round1-full854.json,saved manifest; not a fresh Defects4J query
Closure,110,com.google.javascript.jscomp.ScopedAliases;com.google.javascript.rhino.Node,AI_API/Campaign/manifest.json;config/round1-full854.json,saved manifest; not a fresh Defects4J query
Closure,111,com.google.javascript.jscomp.type.ClosureReverseAbstractInterpreter,AI_API/Campaign/manifest.json;config/round1-full854.json,saved manifest; not a fresh Defects4J query
Closure,112,com.google.javascript.jscomp.TypeInference,AI_API/Campaign/manifest.json;config/round1-full854.json,saved manifest; not a fresh Defects4J query
Closure,113,com.google.javascript.jscomp.ProcessClosurePrimitives,AI_API/Campaign/manifest.json;config/round1-full854.json,saved manifest; not a fresh Defects4J query
Closure,114,com.google.javascript.jscomp.NameAnalyzer,AI_API/Campaign/manifest.json;config/round1-full854.json,saved manifest; not a fresh Defects4J query
Closure,115,com.google.javascript.jscomp.FunctionInjector,AI_API/Campaign/manifest.json;config/round1-full854.json,saved manifest; not a fresh Defects4J query
Closure,116,com.google.javascript.jscomp.FunctionInjector,AI_API/Campaign/manifest.json;config/round1-full854.json,saved manifest; not a fresh Defects4J query
Closure,117,com.google.javascript.jscomp.TypeValidator,AI_API/Campaign/manifest.json;config/round1-full854.json,saved manifest; not a fresh Defects4J query
Closure,118,com.google.javascript.jscomp.DisambiguateProperties,AI_API/Campaign/manifest.json;config/round1-full854.json,saved manifest; not a fresh Defects4J query
Closure,119,com.google.javascript.jscomp.GlobalNamespace,AI_API/Campaign/manifest.json;config/round1-full854.json,saved manifest; not a fresh Defects4J query
Closure,120,com.google.javascript.jscomp.ReferenceCollectingCallback,AI_API/Campaign/manifest.json;config/round1-full854.json,saved manifest; not a fresh Defects4J query
Closure,121,com.google.javascript.jscomp.InlineVariables,AI_API/Campaign/manifest.json;config/round1-full854.json,saved manifest; not a fresh Defects4J query
Closure,122,com.google.javascript.jscomp.parsing.IRFactory,AI_API/Campaign/manifest.json;config/round1-full854.json,saved manifest; not a fresh Defects4J query
Closure,123,com.google.javascript.jscomp.CodeGenerator,AI_API/Campaign/manifest.json;config/round1-full854.json,saved manifest; not a fresh Defects4J query
Closure,124,com.google.javascript.jscomp.ExploitAssigns,AI_API/Campaign/manifest.json;config/round1-full854.json,saved manifest; not a fresh Defects4J query
Closure,125,com.google.javascript.jscomp.TypeCheck,AI_API/Campaign/manifest.json;config/round1-full854.json,saved manifest; not a fresh Defects4J query
Closure,126,com.google.javascript.jscomp.MinimizeExitPoints,AI_API/Campaign/manifest.json;config/round1-full854.json,saved manifest; not a fresh Defects4J query
Closure,127,com.google.javascript.jscomp.UnreachableCodeElimination,AI_API/Campaign/manifest.json;config/round1-full854.json,saved manifest; not a fresh Defects4J query
Closure,128,com.google.javascript.jscomp.CodeGenerator,AI_API/Campaign/manifest.json;config/round1-full854.json,saved manifest; not a fresh Defects4J query
Closure,129,com.google.javascript.jscomp.PrepareAst,AI_API/Campaign/manifest.json;config/round1-full854.json,saved manifest; not a fresh Defects4J query
Closure,130,com.google.javascript.jscomp.CollapseProperties,AI_API/Campaign/manifest.json;config/round1-full854.json,saved manifest; not a fresh Defects4J query
Closure,131,com.google.javascript.rhino.TokenStream,AI_API/Campaign/manifest.json;config/round1-full854.json,saved manifest; not a fresh Defects4J query
Closure,132,com.google.javascript.jscomp.PeepholeSubstituteAlternateSyntax,AI_API/Campaign/manifest.json;config/round1-full854.json,saved manifest; not a fresh Defects4J query
Closure,133,com.google.javascript.jscomp.parsing.JsDocInfoParser,AI_API/Campaign/manifest.json;config/round1-full854.json,saved manifest; not a fresh Defects4J query
Closure,134,com.google.javascript.jscomp.AmbiguateProperties;com.google.javascript.jscomp.TypedScopeCreator,AI_API/Campaign/manifest.json;config/round1-full854.json,saved manifest; not a fresh Defects4J query
Closure,135,com.google.javascript.jscomp.DevirtualizePrototypeMethods;com.google.javascript.rhino.jstype.FunctionType,AI_API/Campaign/manifest.json;config/round1-full854.json,saved manifest; not a fresh Defects4J query
Closure,136,com.google.javascript.jscomp.MethodCompilerPass;com.google.javascript.jscomp.RenameVars,AI_API/Campaign/manifest.json;config/round1-full854.json,saved manifest; not a fresh Defects4J query
Closure,137,com.google.javascript.jscomp.MakeDeclaredNamesUnique;com.google.javascript.jscomp.NodeUtil;com.google.javascript.jscomp.Normalize,AI_API/Campaign/manifest.json;config/round1-full854.json,saved manifest; not a fresh Defects4J query
Closure,138,com.google.javascript.jscomp.ClosureReverseAbstractInterpreter;com.google.javascript.jscomp.TypeInference,AI_API/Campaign/manifest.json;config/round1-full854.json,saved manifest; not a fresh Defects4J query
Closure,139,com.google.javascript.jscomp.Normalize,AI_API/Campaign/manifest.json;config/round1-full854.json,saved manifest; not a fresh Defects4J query
Closure,140,com.google.javascript.jscomp.Compiler,AI_API/Campaign/manifest.json;config/round1-full854.json,saved manifest; not a fresh Defects4J query
Closure,141,com.google.javascript.jscomp.NodeUtil;com.google.javascript.jscomp.PureFunctionIdentifier,AI_API/Campaign/manifest.json;config/round1-full854.json,saved manifest; not a fresh Defects4J query
Closure,142,com.google.javascript.jscomp.CoalesceVariableNames;com.google.javascript.jscomp.parsing.JsDocInfoParser,AI_API/Campaign/manifest.json;config/round1-full854.json,saved manifest; not a fresh Defects4J query
Closure,143,com.google.javascript.jscomp.AbstractCommandLineRunner;com.google.javascript.jscomp.RemoveConstantExpressions,AI_API/Campaign/manifest.json;config/round1-full854.json,saved manifest; not a fresh Defects4J query
Closure,144,com.google.javascript.jscomp.FunctionTypeBuilder;com.google.javascript.jscomp.TypedScopeCreator;com.google.javascript.rhino.jstype.FunctionBuilder;com.google.javascript.rhino.jstype.FunctionType,AI_API/Campaign/manifest.json;config/round1-full854.json,saved manifest; not a fresh Defects4J query
Closure,145,com.google.javascript.jscomp.CodeGenerator,AI_API/Campaign/manifest.json;config/round1-full854.json,saved manifest; not a fresh Defects4J query
Closure,146,com.google.javascript.rhino.jstype.JSType,AI_API/Campaign/manifest.json;config/round1-full854.json,saved manifest; not a fresh Defects4J query
Closure,147,com.google.javascript.jscomp.CheckGlobalThis;com.google.javascript.jscomp.RuntimeTypeCheck,AI_API/Campaign/manifest.json;config/round1-full854.json,saved manifest; not a fresh Defects4J query
Closure,148,com.google.javascript.jscomp.PeepholeFoldConstants;com.google.javascript.jscomp.SourceMap,AI_API/Campaign/manifest.json;config/round1-full854.json,saved manifest; not a fresh Defects4J query
Closure,149,com.google.javascript.jscomp.AbstractCommandLineRunner;com.google.javascript.jscomp.CommandLineRunner;com.google.javascript.jscomp.Compiler;com.google.javascript.jscomp.CompilerOptions,AI_API/Campaign/manifest.json;config/round1-full854.json,saved manifest; not a fresh Defects4J query
Closure,150,com.google.javascript.jscomp.TypedScopeCreator,AI_API/Campaign/manifest.json;config/round1-full854.json,saved manifest; not a fresh Defects4J query
Closure,151,com.google.javascript.jscomp.CommandLineRunner,AI_API/Campaign/manifest.json;config/round1-full854.json,saved manifest; not a fresh Defects4J query
Closure,152,com.google.javascript.rhino.jstype.FunctionType,AI_API/Campaign/manifest.json;config/round1-full854.json,saved manifest; not a fresh Defects4J query
Closure,153,com.google.javascript.jscomp.Normalize;com.google.javascript.jscomp.SyntacticScopeCreator,AI_API/Campaign/manifest.json;config/round1-full854.json,saved manifest; not a fresh Defects4J query
Closure,154,com.google.javascript.jscomp.TypeCheck;com.google.javascript.jscomp.TypeValidator,AI_API/Campaign/manifest.json;config/round1-full854.json,saved manifest; not a fresh Defects4J query
Closure,155,com.google.javascript.jscomp.InlineVariables;com.google.javascript.jscomp.ReferenceCollectingCallback;com.google.javascript.jscomp.Scope,AI_API/Campaign/manifest.json;config/round1-full854.json,saved manifest; not a fresh Defects4J query
Closure,156,com.google.javascript.jscomp.CollapseProperties,AI_API/Campaign/manifest.json;config/round1-full854.json,saved manifest; not a fresh Defects4J query
Closure,157,com.google.javascript.jscomp.CodeGenerator;com.google.javascript.jscomp.RenamePrototypes;com.google.javascript.jscomp.parsing.IRFactory,AI_API/Campaign/manifest.json;config/round1-full854.json,saved manifest; not a fresh Defects4J query
Closure,158,com.google.javascript.jscomp.AbstractCommandLineRunner;com.google.javascript.jscomp.CommandLineRunner;com.google.javascript.jscomp.DiagnosticGroups,AI_API/Campaign/manifest.json;config/round1-full854.json,saved manifest; not a fresh Defects4J query
Closure,159,com.google.javascript.jscomp.InlineFunctions,AI_API/Campaign/manifest.json;config/round1-full854.json,saved manifest; not a fresh Defects4J query
Closure,160,com.google.javascript.jscomp.Compiler,AI_API/Campaign/manifest.json;config/round1-full854.json,saved manifest; not a fresh Defects4J query
Closure,161,com.google.javascript.jscomp.PeepholeFoldConstants,AI_API/Campaign/manifest.json;config/round1-full854.json,saved manifest; not a fresh Defects4J query
Closure,162,com.google.javascript.jscomp.Scope;com.google.javascript.jscomp.ScopedAliases,AI_API/Campaign/manifest.json;config/round1-full854.json,saved manifest; not a fresh Defects4J query
Closure,163,com.google.javascript.jscomp.AnalyzePrototypeProperties;com.google.javascript.jscomp.CrossModuleMethodMotion,AI_API/Campaign/manifest.json;config/round1-full854.json,saved manifest; not a fresh Defects4J query
Closure,164,com.google.javascript.rhino.jstype.ArrowType,AI_API/Campaign/manifest.json;config/round1-full854.json,saved manifest; not a fresh Defects4J query
Closure,165,com.google.javascript.rhino.jstype.JSTypeRegistry;com.google.javascript.rhino.jstype.ObjectType;com.google.javascript.rhino.jstype.RecordType;com.google.javascript.rhino.jstype.RecordTypeBuilder,AI_API/Campaign/manifest.json;config/round1-full854.json,saved manifest; not a fresh Defects4J query
Closure,166,com.google.javascript.rhino.jstype.PrototypeObjectType,AI_API/Campaign/manifest.json;config/round1-full854.json,saved manifest; not a fresh Defects4J query
Closure,167,com.google.javascript.jscomp.type.SemanticReverseAbstractInterpreter;com.google.javascript.rhino.jstype.JSType,AI_API/Campaign/manifest.json;config/round1-full854.json,saved manifest; not a fresh Defects4J query
Closure,168,com.google.javascript.jscomp.TypedScopeCreator,AI_API/Campaign/manifest.json;config/round1-full854.json,saved manifest; not a fresh Defects4J query
Closure,169,com.google.javascript.rhino.jstype.ArrowType;com.google.javascript.rhino.jstype.EquivalenceMethod;com.google.javascript.rhino.jstype.FunctionType;com.google.javascript.rhino.jstype.JSType;com.google.javascript.rhino.jstype.RecordType;com.google.javascript.rhino.jstype.UnionType,AI_API/Campaign/manifest.json;config/round1-full854.json,saved manifest; not a fresh Defects4J query
Closure,170,com.google.javascript.jscomp.FlowSensitiveInlineVariables,AI_API/Campaign/manifest.json;config/round1-full854.json,saved manifest; not a fresh Defects4J query
Closure,171,com.google.javascript.jscomp.TypeInference;com.google.javascript.jscomp.TypedScopeCreator,AI_API/Campaign/manifest.json;config/round1-full854.json,saved manifest; not a fresh Defects4J query
Closure,172,com.google.javascript.jscomp.TypedScopeCreator,AI_API/Campaign/manifest.json;config/round1-full854.json,saved manifest; not a fresh Defects4J query
Closure,173,com.google.javascript.jscomp.CodeGenerator;com.google.javascript.jscomp.PeepholeSubstituteAlternateSyntax,AI_API/Campaign/manifest.json;config/round1-full854.json,saved manifest; not a fresh Defects4J query
Closure,174,com.google.javascript.jscomp.JsAst;com.google.javascript.jscomp.NodeUtil;com.google.javascript.jscomp.ScopedAliases,AI_API/Campaign/manifest.json;config/round1-full854.json,saved manifest; not a fresh Defects4J query
Closure,175,com.google.javascript.jscomp.FunctionInjector,AI_API/Campaign/manifest.json;config/round1-full854.json,saved manifest; not a fresh Defects4J query
Closure,176,com.google.javascript.jscomp.TypeInference,AI_API/Campaign/manifest.json;config/round1-full854.json,saved manifest; not a fresh Defects4J query
Codec,1,org.apache.commons.codec.language.Caverphone;org.apache.commons.codec.language.Metaphone;org.apache.commons.codec.language.SoundexUtils,AI_API/Campaign/manifest.json;config/round1-full854.json,saved manifest; not a fresh Defects4J query
Codec,2,org.apache.commons.codec.binary.Base64,AI_API/Campaign/manifest.json;config/round1-full854.json,saved manifest; not a fresh Defects4J query
Codec,3,org.apache.commons.codec.language.DoubleMetaphone,AI_API/Campaign/manifest.json;config/round1-full854.json,saved manifest; not a fresh Defects4J query
Codec,4,org.apache.commons.codec.binary.Base64,AI_API/Campaign/manifest.json;config/round1-full854.json,saved manifest; not a fresh Defects4J query
Codec,5,org.apache.commons.codec.binary.Base64,AI_API/Campaign/manifest.json;config/round1-full854.json,saved manifest; not a fresh Defects4J query
Codec,6,org.apache.commons.codec.binary.Base64InputStream,AI_API/Campaign/manifest.json;config/round1-full854.json,saved manifest; not a fresh Defects4J query
Codec,7,org.apache.commons.codec.binary.Base64,AI_API/Campaign/manifest.json;config/round1-full854.json,saved manifest; not a fresh Defects4J query
Codec,8,org.apache.commons.codec.binary.Base64;org.apache.commons.codec.binary.Base64InputStream,AI_API/Campaign/manifest.json;config/round1-full854.json,saved manifest; not a fresh Defects4J query
Codec,9,org.apache.commons.codec.binary.Base64,AI_API/Campaign/manifest.json;config/round1-full854.json,saved manifest; not a fresh Defects4J query
Codec,10,org.apache.commons.codec.language.Caverphone,AI_API/Campaign/manifest.json;config/round1-full854.json,saved manifest; not a fresh Defects4J query
Codec,11,org.apache.commons.codec.net.QuotedPrintableCodec,AI_API/Campaign/manifest.json;config/round1-full854.json,saved manifest; not a fresh Defects4J query
Codec,12,org.apache.commons.codec.binary.BaseNCodecInputStream,AI_API/Campaign/manifest.json;config/round1-full854.json,saved manifest; not a fresh Defects4J query
Codec,13,org.apache.commons.codec.binary.CharSequenceUtils;org.apache.commons.codec.binary.StringUtils;org.apache.commons.codec.language.DoubleMetaphone,AI_API/Campaign/manifest.json;config/round1-full854.json,saved manifest; not a fresh Defects4J query
Codec,14,org.apache.commons.codec.language.bm.Lang;org.apache.commons.codec.language.bm.PhoneticEngine;org.apache.commons.codec.language.bm.Rule;src.main.resources.org.apache.commons.codec.language.bm.ash_lang.txt;src.main.resources.org.apache.commons.codec.language.bm.gen_lang.txt;src.main.resources.org.apache.commons.codec.language.bm.sep_lang.txt,AI_API/Campaign/manifest.json;config/round1-full854.json,saved manifest; not a fresh Defects4J query
Codec,15,org.apache.commons.codec.language.Soundex,AI_API/Campaign/manifest.json;config/round1-full854.json,saved manifest; not a fresh Defects4J query
Codec,16,org.apache.commons.codec.binary.Base32,AI_API/Campaign/manifest.json;config/round1-full854.json,saved manifest; not a fresh Defects4J query
Codec,17,org.apache.commons.codec.binary.StringUtils,AI_API/Campaign/manifest.json;config/round1-full854.json,saved manifest; not a fresh Defects4J query
Codec,18,org.apache.commons.codec.binary.StringUtils,AI_API/Campaign/manifest.json;config/round1-full854.json,saved manifest; not a fresh Defects4J query
Collections,1,org.apache.commons.collections.map.Flat3Map,AI_API/Campaign/manifest.json;config/round1-full854.json,saved manifest; not a fresh Defects4J query
Collections,2,org.apache.commons.collections.ExtendedProperties,AI_API/Campaign/manifest.json;config/round1-full854.json,saved manifest; not a fresh Defects4J query
Collections,3,org.apache.commons.collections.CollectionUtils,AI_API/Campaign/manifest.json;config/round1-full854.json,saved manifest; not a fresh Defects4J query
Collections,4,org.apache.commons.collections.map.MultiValueMap,AI_API/Campaign/manifest.json;config/round1-full854.json,saved manifest; not a fresh Defects4J query
Collections,5,org.apache.commons.collections.list.SetUniqueList,AI_API/Campaign/manifest.json;config/round1-full854.json,saved manifest; not a fresh Defects4J query
Collections,6,org.apache.commons.collections.map.Flat3Map,AI_API/Campaign/manifest.json;config/round1-full854.json,saved manifest; not a fresh Defects4J query
Collections,7,org.apache.commons.collections.ExtendedProperties,AI_API/Campaign/manifest.json;config/round1-full854.json,saved manifest; not a fresh Defects4J query
Collections,8,org.apache.commons.collections.buffer.UnboundedFifoBuffer,AI_API/Campaign/manifest.json;config/round1-full854.json,saved manifest; not a fresh Defects4J query
Collections,9,org.apache.commons.collections.ExtendedProperties,AI_API/Campaign/manifest.json;config/round1-full854.json,saved manifest; not a fresh Defects4J query
Collections,10,org.apache.commons.collections.map.MultiValueMap,AI_API/Campaign/manifest.json;config/round1-full854.json,saved manifest; not a fresh Defects4J query
Collections,11,org.apache.commons.collections.keyvalue.MultiKey,AI_API/Campaign/manifest.json;config/round1-full854.json,saved manifest; not a fresh Defects4J query
Collections,12,org.apache.commons.collections.ExtendedProperties,AI_API/Campaign/manifest.json;config/round1-full854.json,saved manifest; not a fresh Defects4J query
Collections,13,org.apache.commons.collections.ExtendedProperties,AI_API/Campaign/manifest.json;config/round1-full854.json,saved manifest; not a fresh Defects4J query
Collections,14,org.apache.commons.collections.map.CaseInsensitiveMap,AI_API/Campaign/manifest.json;config/round1-full854.json,saved manifest; not a fresh Defects4J query
Collections,15,org.apache.commons.collections.list.SetUniqueList,AI_API/Campaign/manifest.json;config/round1-full854.json,saved manifest; not a fresh Defects4J query
Collections,16,org.apache.commons.collections.list.SetUniqueList,AI_API/Campaign/manifest.json;config/round1-full854.json,saved manifest; not a fresh Defects4J query
Collections,17,org.apache.commons.collections.functors.EqualPredicate,AI_API/Campaign/manifest.json;config/round1-full854.json,saved manifest; not a fresh Defects4J query
Collections,18,org.apache.commons.collections.set.ListOrderedSet,AI_API/Campaign/manifest.json;config/round1-full854.json,saved manifest; not a fresh Defects4J query
Collections,19,org.apache.commons.collections.list.SetUniqueList,AI_API/Campaign/manifest.json;config/round1-full854.json,saved manifest; not a fresh Defects4J query
Collections,20,org.apache.commons.collections.list.TreeList,AI_API/Campaign/manifest.json;config/round1-full854.json,saved manifest; not a fresh Defects4J query
Collections,21,org.apache.commons.collections4.list.SetUniqueList,AI_API/Campaign/manifest.json;config/round1-full854.json,saved manifest; not a fresh Defects4J query
Collections,22,org.apache.commons.collections4.map.ListOrderedMap,AI_API/Campaign/manifest.json;config/round1-full854.json,saved manifest; not a fresh Defects4J query
Collections,23,org.apache.commons.collections4.trie.UnmodifiableTrie,AI_API/Campaign/manifest.json;config/round1-full854.json,saved manifest; not a fresh Defects4J query
Collections,24,org.apache.commons.collections4.collection.UnmodifiableBoundedCollection,AI_API/Campaign/manifest.json;config/round1-full854.json,saved manifest; not a fresh Defects4J query
Collections,25,org.apache.commons.collections4.IteratorUtils,AI_API/Campaign/manifest.json;config/round1-full854.json,saved manifest; not a fresh Defects4J query
Collections,26,org.apache.commons.collections4.keyvalue.MultiKey,AI_API/Campaign/manifest.json;config/round1-full854.json,saved manifest; not a fresh Defects4J query
Collections,27,org.apache.commons.collections4.map.MultiValueMap,AI_API/Campaign/manifest.json;config/round1-full854.json,saved manifest; not a fresh Defects4J query
Collections,28,org.apache.commons.collections4.trie.AbstractPatriciaTrie,AI_API/Campaign/manifest.json;config/round1-full854.json,saved manifest; not a fresh Defects4J query
Compress,1,org.apache.commons.compress.archivers.cpio.CpioArchiveOutputStream,AI_API/Campaign/manifest.json;config/round1-full854.json,saved manifest; not a fresh Defects4J query
Compress,2,org.apache.commons.compress.archivers.ar.ArArchiveInputStream,AI_API/Campaign/manifest.json;config/round1-full854.json,saved manifest; not a fresh Defects4J query
Compress,3,org.apache.commons.compress.archivers.tar.TarArchiveOutputStream,AI_API/Campaign/manifest.json;config/round1-full854.json,saved manifest; not a fresh Defects4J query
Compress,4,org.apache.commons.compress.archivers.cpio.CpioArchiveOutputStream;org.apache.commons.compress.archivers.tar.TarArchiveOutputStream;org.apache.commons.compress.archivers.zip.ZipArchiveOutputStream;org.apache.commons.compress.changes.ChangeSetPerformer,AI_API/Campaign/manifest.json;config/round1-full854.json,saved manifest; not a fresh Defects4J query
Compress,5,org.apache.commons.compress.archivers.zip.ZipArchiveInputStream,AI_API/Campaign/manifest.json;config/round1-full854.json,saved manifest; not a fresh Defects4J query
Compress,6,org.apache.commons.compress.archivers.zip.ZipArchiveEntry,AI_API/Campaign/manifest.json;config/round1-full854.json,saved manifest; not a fresh Defects4J query
Compress,7,org.apache.commons.compress.archivers.tar.TarUtils,AI_API/Campaign/manifest.json;config/round1-full854.json,saved manifest; not a fresh Defects4J query
Compress,8,org.apache.commons.compress.archivers.tar.TarUtils,AI_API/Campaign/manifest.json;config/round1-full854.json,saved manifest; not a fresh Defects4J query
Compress,9,org.apache.commons.compress.archivers.tar.TarArchiveOutputStream,AI_API/Campaign/manifest.json;config/round1-full854.json,saved manifest; not a fresh Defects4J query
Compress,10,org.apache.commons.compress.archivers.zip.ZipFile,AI_API/Campaign/manifest.json;config/round1-full854.json,saved manifest; not a fresh Defects4J query
Compress,11,org.apache.commons.compress.archivers.ArchiveStreamFactory,AI_API/Campaign/manifest.json;config/round1-full854.json,saved manifest; not a fresh Defects4J query
Compress,12,org.apache.commons.compress.archivers.tar.TarArchiveInputStream,AI_API/Campaign/manifest.json;config/round1-full854.json,saved manifest; not a fresh Defects4J query
Compress,13,org.apache.commons.compress.archivers.zip.ZipArchiveEntry,AI_API/Campaign/manifest.json;config/round1-full854.json,saved manifest; not a fresh Defects4J query
Compress,14,org.apache.commons.compress.archivers.tar.TarUtils,AI_API/Campaign/manifest.json;config/round1-full854.json,saved manifest; not a fresh Defects4J query
Compress,15,org.apache.commons.compress.archivers.zip.ZipArchiveEntry,AI_API/Campaign/manifest.json;config/round1-full854.json,saved manifest; not a fresh Defects4J query
Compress,16,org.apache.commons.compress.archivers.ArchiveStreamFactory,AI_API/Campaign/manifest.json;config/round1-full854.json,saved manifest; not a fresh Defects4J query
Compress,17,org.apache.commons.compress.archivers.tar.TarUtils,AI_API/Campaign/manifest.json;config/round1-full854.json,saved manifest; not a fresh Defects4J query
Compress,18,org.apache.commons.compress.archivers.tar.TarArchiveOutputStream,AI_API/Campaign/manifest.json;config/round1-full854.json,saved manifest; not a fresh Defects4J query
Compress,19,org.apache.commons.compress.archivers.zip.Zip64ExtendedInformationExtraField,AI_API/Campaign/manifest.json;config/round1-full854.json,saved manifest; not a fresh Defects4J query
Compress,20,org.apache.commons.compress.archivers.cpio.CpioArchiveInputStream,AI_API/Campaign/manifest.json;config/round1-full854.json,saved manifest; not a fresh Defects4J query
Compress,21,org.apache.commons.compress.archivers.sevenz.SevenZOutputFile,AI_API/Campaign/manifest.json;config/round1-full854.json,saved manifest; not a fresh Defects4J query
Compress,22,org.apache.commons.compress.compressors.bzip2.BZip2CompressorInputStream,AI_API/Campaign/manifest.json;config/round1-full854.json,saved manifest; not a fresh Defects4J query
Compress,23,org.apache.commons.compress.archivers.sevenz.Coders,AI_API/Campaign/manifest.json;config/round1-full854.json,saved manifest; not a fresh Defects4J query
Compress,24,org.apache.commons.compress.archivers.tar.TarUtils,AI_API/Campaign/manifest.json;config/round1-full854.json,saved manifest; not a fresh Defects4J query
Compress,25,org.apache.commons.compress.archivers.zip.ZipArchiveInputStream,AI_API/Campaign/manifest.json;config/round1-full854.json,saved manifest; not a fresh Defects4J query
Compress,26,org.apache.commons.compress.utils.IOUtils,AI_API/Campaign/manifest.json;config/round1-full854.json,saved manifest; not a fresh Defects4J query
Compress,27,org.apache.commons.compress.archivers.tar.TarUtils,AI_API/Campaign/manifest.json;config/round1-full854.json,saved manifest; not a fresh Defects4J query
Compress,28,org.apache.commons.compress.archivers.tar.TarArchiveInputStream,AI_API/Campaign/manifest.json;config/round1-full854.json,saved manifest; not a fresh Defects4J query
Compress,29,org.apache.commons.compress.archivers.ArchiveStreamFactory;org.apache.commons.compress.archivers.cpio.CpioArchiveInputStream;org.apache.commons.compress.archivers.cpio.CpioArchiveOutputStream;org.apache.commons.compress.archivers.dump.DumpArchiveInputStream;org.apache.commons.compress.archivers.tar.TarArchiveInputStream;org.apache.commons.compress.archivers.tar.TarArchiveOutputStream;org.apache.commons.compress.archivers.zip.ZipArchiveInputStream,AI_API/Campaign/manifest.json;config/round1-full854.json,saved manifest; not a fresh Defects4J query
Compress,30,org.apache.commons.compress.compressors.bzip2.BZip2CompressorInputStream,AI_API/Campaign/manifest.json;config/round1-full854.json,saved manifest; not a fresh Defects4J query
Compress,31,org.apache.commons.compress.archivers.tar.TarUtils,AI_API/Campaign/manifest.json;config/round1-full854.json,saved manifest; not a fresh Defects4J query
Compress,32,org.apache.commons.compress.archivers.tar.TarArchiveInputStream,AI_API/Campaign/manifest.json;config/round1-full854.json,saved manifest; not a fresh Defects4J query
Compress,33,org.apache.commons.compress.compressors.CompressorStreamFactory;org.apache.commons.compress.compressors.deflate.DeflateCompressorInputStream,AI_API/Campaign/manifest.json;config/round1-full854.json,saved manifest; not a fresh Defects4J query
Compress,34,org.apache.commons.compress.archivers.zip.X7875_NewUnix,AI_API/Campaign/manifest.json;config/round1-full854.json,saved manifest; not a fresh Defects4J query
Compress,35,org.apache.commons.compress.archivers.tar.TarUtils,AI_API/Campaign/manifest.json;config/round1-full854.json,saved manifest; not a fresh Defects4J query
Compress,36,org.apache.commons.compress.archivers.sevenz.SevenZFile,AI_API/Campaign/manifest.json;config/round1-full854.json,saved manifest; not a fresh Defects4J query
Compress,37,org.apache.commons.compress.archivers.tar.TarArchiveInputStream,AI_API/Campaign/manifest.json;config/round1-full854.json,saved manifest; not a fresh Defects4J query
Compress,38,org.apache.commons.compress.archivers.tar.TarArchiveEntry,AI_API/Campaign/manifest.json;config/round1-full854.json,saved manifest; not a fresh Defects4J query
Compress,39,org.apache.commons.compress.utils.ArchiveUtils,AI_API/Campaign/manifest.json;config/round1-full854.json,saved manifest; not a fresh Defects4J query
Compress,40,org.apache.commons.compress.utils.BitInputStream,AI_API/Campaign/manifest.json;config/round1-full854.json,saved manifest; not a fresh Defects4J query
Compress,41,org.apache.commons.compress.archivers.zip.ZipArchiveInputStream,AI_API/Campaign/manifest.json;config/round1-full854.json,saved manifest; not a fresh Defects4J query
Compress,42,org.apache.commons.compress.archivers.zip.UnixStat;org.apache.commons.compress.archivers.zip.ZipArchiveEntry,AI_API/Campaign/manifest.json;config/round1-full854.json,saved manifest; not a fresh Defects4J query
Compress,43,org.apache.commons.compress.archivers.zip.ZipArchiveOutputStream,AI_API/Campaign/manifest.json;config/round1-full854.json,saved manifest; not a fresh Defects4J query
Compress,44,org.apache.commons.compress.utils.ChecksumCalculatingInputStream,AI_API/Campaign/manifest.json;config/round1-full854.json,saved manifest; not a fresh Defects4J query
Compress,45,org.apache.commons.compress.archivers.tar.TarUtils,AI_API/Campaign/manifest.json;config/round1-full854.json,saved manifest; not a fresh Defects4J query
Compress,46,org.apache.commons.compress.archivers.zip.X5455_ExtendedTimestamp,AI_API/Campaign/manifest.json;config/round1-full854.json,saved manifest; not a fresh Defects4J query
Compress,47,org.apache.commons.compress.archivers.zip.ZipArchiveInputStream,AI_API/Campaign/manifest.json;config/round1-full854.json,saved manifest; not a fresh Defects4J query
Csv,1,org.apache.commons.csv.ExtendedBufferedReader,AI_API/Campaign/manifest.json;config/round1-full854.json,saved manifest; not a fresh Defects4J query
Csv,2,org.apache.commons.csv.CSVRecord,AI_API/Campaign/manifest.json;config/round1-full854.json,saved manifest; not a fresh Defects4J query
Csv,3,org.apache.commons.csv.Lexer,AI_API/Campaign/manifest.json;config/round1-full854.json,saved manifest; not a fresh Defects4J query
Csv,4,org.apache.commons.csv.CSVParser,AI_API/Campaign/manifest.json;config/round1-full854.json,saved manifest; not a fresh Defects4J query
Csv,5,org.apache.commons.csv.CSVPrinter,AI_API/Campaign/manifest.json;config/round1-full854.json,saved manifest; not a fresh Defects4J query
Csv,6,org.apache.commons.csv.CSVRecord,AI_API/Campaign/manifest.json;config/round1-full854.json,saved manifest; not a fresh Defects4J query
Csv,7,org.apache.commons.csv.CSVParser,AI_API/Campaign/manifest.json;config/round1-full854.json,saved manifest; not a fresh Defects4J query
Csv,8,org.apache.commons.csv.CSVFormat,AI_API/Campaign/manifest.json;config/round1-full854.json,saved manifest; not a fresh Defects4J query
Csv,9,org.apache.commons.csv.CSVRecord,AI_API/Campaign/manifest.json;config/round1-full854.json,saved manifest; not a fresh Defects4J query
Csv,10,org.apache.commons.csv.CSVPrinter,AI_API/Campaign/manifest.json;config/round1-full854.json,saved manifest; not a fresh Defects4J query
Csv,11,org.apache.commons.csv.CSVParser,AI_API/Campaign/manifest.json;config/round1-full854.json,saved manifest; not a fresh Defects4J query
Csv,12,org.apache.commons.csv.CSVFormat,AI_API/Campaign/manifest.json;config/round1-full854.json,saved manifest; not a fresh Defects4J query
Csv,13,org.apache.commons.csv.CSVFormat;org.apache.commons.csv.CSVPrinter,AI_API/Campaign/manifest.json;config/round1-full854.json,saved manifest; not a fresh Defects4J query
Csv,14,org.apache.commons.csv.CSVFormat,AI_API/Campaign/manifest.json;config/round1-full854.json,saved manifest; not a fresh Defects4J query
Csv,15,org.apache.commons.csv.CSVFormat,AI_API/Campaign/manifest.json;config/round1-full854.json,saved manifest; not a fresh Defects4J query
Csv,16,org.apache.commons.csv.CSVParser,AI_API/Campaign/manifest.json;config/round1-full854.json,saved manifest; not a fresh Defects4J query
Gson,1,com.google.gson.TypeInfoFactory,AI_API/Campaign/manifest.json;config/round1-full854.json,saved manifest; not a fresh Defects4J query
Gson,2,com.google.gson.internal.bind.TypeAdapters,AI_API/Campaign/manifest.json;config/round1-full854.json,saved manifest; not a fresh Defects4J query
Gson,3,com.google.gson.internal.ConstructorConstructor,AI_API/Campaign/manifest.json;config/round1-full854.json,saved manifest; not a fresh Defects4J query
Gson,4,com.google.gson.stream.JsonReader;com.google.gson.stream.JsonWriter,AI_API/Campaign/manifest.json;config/round1-full854.json,saved manifest; not a fresh Defects4J query
Gson,5,com.google.gson.internal.bind.util.ISO8601Utils,AI_API/Campaign/manifest.json;config/round1-full854.json,saved manifest; not a fresh Defects4J query
Gson,6,com.google.gson.internal.bind.JsonAdapterAnnotationTypeAdapterFactory,AI_API/Campaign/manifest.json;config/round1-full854.json,saved manifest; not a fresh Defects4J query
Gson,7,com.google.gson.stream.JsonReader,AI_API/Campaign/manifest.json;config/round1-full854.json,saved manifest; not a fresh Defects4J query
Gson,8,com.google.gson.internal.UnsafeAllocator,AI_API/Campaign/manifest.json;config/round1-full854.json,saved manifest; not a fresh Defects4J query
Gson,9,com.google.gson.internal.bind.JsonTreeWriter;com.google.gson.internal.bind.TypeAdapters;com.google.gson.stream.JsonWriter,AI_API/Campaign/manifest.json;config/round1-full854.json,saved manifest; not a fresh Defects4J query
Gson,10,com.google.gson.internal.bind.ReflectiveTypeAdapterFactory,AI_API/Campaign/manifest.json;config/round1-full854.json,saved manifest; not a fresh Defects4J query
Gson,11,com.google.gson.internal.bind.TypeAdapters,AI_API/Campaign/manifest.json;config/round1-full854.json,saved manifest; not a fresh Defects4J query
Gson,12,com.google.gson.internal.bind.JsonTreeReader,AI_API/Campaign/manifest.json;config/round1-full854.json,saved manifest; not a fresh Defects4J query
Gson,13,com.google.gson.stream.JsonReader,AI_API/Campaign/manifest.json;config/round1-full854.json,saved manifest; not a fresh Defects4J query
Gson,14,com.google.gson.internal.$Gson$Types,AI_API/Campaign/manifest.json;config/round1-full854.json,saved manifest; not a fresh Defects4J query
Gson,15,com.google.gson.stream.JsonWriter,AI_API/Campaign/manifest.json;config/round1-full854.json,saved manifest; not a fresh Defects4J query
Gson,16,com.google.gson.internal.$Gson$Types,AI_API/Campaign/manifest.json;config/round1-full854.json,saved manifest; not a fresh Defects4J query
Gson,17,com.google.gson.DefaultDateTypeAdapter,AI_API/Campaign/manifest.json;config/round1-full854.json,saved manifest; not a fresh Defects4J query
Gson,18,com.google.gson.internal.$Gson$Types,AI_API/Campaign/manifest.json;config/round1-full854.json,saved manifest; not a fresh Defects4J query
JacksonCore,1,com.fasterxml.jackson.core.io.NumberInput;com.fasterxml.jackson.core.util.TextBuffer,AI_API/Campaign/manifest.json;config/round1-full854.json,saved manifest; not a fresh Defects4J query
JacksonCore,2,com.fasterxml.jackson.core.json.ReaderBasedJsonParser;com.fasterxml.jackson.core.json.UTF8StreamJsonParser,AI_API/Campaign/manifest.json;config/round1-full854.json,saved manifest; not a fresh Defects4J query
JacksonCore,3,com.fasterxml.jackson.core.json.UTF8StreamJsonParser,AI_API/Campaign/manifest.json;config/round1-full854.json,saved manifest; not a fresh Defects4J query
JacksonCore,4,com.fasterxml.jackson.core.util.TextBuffer,AI_API/Campaign/manifest.json;config/round1-full854.json,saved manifest; not a fresh Defects4J query
JacksonCore,5,com.fasterxml.jackson.core.JsonPointer,AI_API/Campaign/manifest.json;config/round1-full854.json,saved manifest; not a fresh Defects4J query
JacksonCore,6,com.fasterxml.jackson.core.JsonPointer,AI_API/Campaign/manifest.json;config/round1-full854.json,saved manifest; not a fresh Defects4J query
JacksonCore,7,com.fasterxml.jackson.core.json.JsonWriteContext,AI_API/Campaign/manifest.json;config/round1-full854.json,saved manifest; not a fresh Defects4J query
JacksonCore,8,com.fasterxml.jackson.core.util.TextBuffer,AI_API/Campaign/manifest.json;config/round1-full854.json,saved manifest; not a fresh Defects4J query
JacksonCore,9,com.fasterxml.jackson.core.base.ParserMinimalBase;com.fasterxml.jackson.core.json.ReaderBasedJsonParser;com.fasterxml.jackson.core.json.UTF8StreamJsonParser,AI_API/Campaign/manifest.json;config/round1-full854.json,saved manifest; not a fresh Defects4J query
JacksonCore,10,com.fasterxml.jackson.core.sym.ByteQuadsCanonicalizer,AI_API/Campaign/manifest.json;config/round1-full854.json,saved manifest; not a fresh Defects4J query
JacksonCore,11,com.fasterxml.jackson.core.sym.ByteQuadsCanonicalizer,AI_API/Campaign/manifest.json;config/round1-full854.json,saved manifest; not a fresh Defects4J query
JacksonCore,12,com.fasterxml.jackson.core.json.ReaderBasedJsonParser;com.fasterxml.jackson.core.json.UTF8StreamJsonParser,AI_API/Campaign/manifest.json;config/round1-full854.json,saved manifest; not a fresh Defects4J query
JacksonCore,13,com.fasterxml.jackson.core.json.JsonGeneratorImpl,AI_API/Campaign/manifest.json;config/round1-full854.json,saved manifest; not a fresh Defects4J query
JacksonCore,14,com.fasterxml.jackson.core.io.IOContext,AI_API/Campaign/manifest.json;config/round1-full854.json,saved manifest; not a fresh Defects4J query
JacksonCore,15,com.fasterxml.jackson.core.filter.FilteringParserDelegate,AI_API/Campaign/manifest.json;config/round1-full854.json,saved manifest; not a fresh Defects4J query
JacksonCore,16,com.fasterxml.jackson.core.util.JsonParserSequence,AI_API/Campaign/manifest.json;config/round1-full854.json,saved manifest; not a fresh Defects4J query
JacksonCore,17,com.fasterxml.jackson.core.json.UTF8JsonGenerator,AI_API/Campaign/manifest.json;config/round1-full854.json,saved manifest; not a fresh Defects4J query
JacksonCore,18,com.fasterxml.jackson.core.base.GeneratorBase;com.fasterxml.jackson.core.json.UTF8JsonGenerator;com.fasterxml.jackson.core.json.WriterBasedJsonGenerator,AI_API/Campaign/manifest.json;config/round1-full854.json,saved manifest; not a fresh Defects4J query
JacksonCore,19,com.fasterxml.jackson.core.json.ReaderBasedJsonParser;com.fasterxml.jackson.core.json.UTF8StreamJsonParser,AI_API/Campaign/manifest.json;config/round1-full854.json,saved manifest; not a fresh Defects4J query
JacksonCore,20,com.fasterxml.jackson.core.JsonGenerator,AI_API/Campaign/manifest.json;config/round1-full854.json,saved manifest; not a fresh Defects4J query
JacksonCore,21,com.fasterxml.jackson.core.filter.FilteringParserDelegate,AI_API/Campaign/manifest.json;config/round1-full854.json,saved manifest; not a fresh Defects4J query
JacksonCore,22,com.fasterxml.jackson.core.filter.FilteringParserDelegate,AI_API/Campaign/manifest.json;config/round1-full854.json,saved manifest; not a fresh Defects4J query
JacksonCore,23,com.fasterxml.jackson.core.util.DefaultPrettyPrinter,AI_API/Campaign/manifest.json;config/round1-full854.json,saved manifest; not a fresh Defects4J query
JacksonCore,24,com.fasterxml.jackson.core.base.ParserBase;com.fasterxml.jackson.core.base.ParserMinimalBase,AI_API/Campaign/manifest.json;config/round1-full854.json,saved manifest; not a fresh Defects4J query
JacksonCore,25,com.fasterxml.jackson.core.json.ReaderBasedJsonParser,AI_API/Campaign/manifest.json;config/round1-full854.json,saved manifest; not a fresh Defects4J query
JacksonCore,26,com.fasterxml.jackson.core.json.async.NonBlockingJsonParser,AI_API/Campaign/manifest.json;config/round1-full854.json,saved manifest; not a fresh Defects4J query
JacksonDatabind,1,com.fasterxml.jackson.databind.ser.BeanPropertyWriter,AI_API/Campaign/manifest.json;config/round1-full854.json,saved manifest; not a fresh Defects4J query
JacksonDatabind,2,com.fasterxml.jackson.databind.util.TokenBuffer,AI_API/Campaign/manifest.json;config/round1-full854.json,saved manifest; not a fresh Defects4J query
JacksonDatabind,3,com.fasterxml.jackson.databind.deser.std.StringArrayDeserializer,AI_API/Campaign/manifest.json;config/round1-full854.json,saved manifest; not a fresh Defects4J query
JacksonDatabind,4,com.fasterxml.jackson.databind.deser.std.StringArrayDeserializer,AI_API/Campaign/manifest.json;config/round1-full854.json,saved manifest; not a fresh Defects4J query
JacksonDatabind,5,com.fasterxml.jackson.databind.introspect.AnnotatedClass,AI_API/Campaign/manifest.json;config/round1-full854.json,saved manifest; not a fresh Defects4J query
JacksonDatabind,6,com.fasterxml.jackson.databind.util.StdDateFormat,AI_API/Campaign/manifest.json;config/round1-full854.json,saved manifest; not a fresh Defects4J query
JacksonDatabind,7,com.fasterxml.jackson.databind.util.TokenBuffer,AI_API/Campaign/manifest.json;config/round1-full854.json,saved manifest; not a fresh Defects4J query
JacksonDatabind,8,com.fasterxml.jackson.databind.deser.impl.CreatorCollector,AI_API/Campaign/manifest.json;config/round1-full854.json,saved manifest; not a fresh Defects4J query
JacksonDatabind,9,com.fasterxml.jackson.databind.ser.std.StdKeySerializer,AI_API/Campaign/manifest.json;config/round1-full854.json,saved manifest; not a fresh Defects4J query
JacksonDatabind,10,com.fasterxml.jackson.databind.ser.AnyGetterWriter;com.fasterxml.jackson.databind.ser.BeanSerializerFactory,AI_API/Campaign/manifest.json;config/round1-full854.json,saved manifest; not a fresh Defects4J query
JacksonDatabind,11,com.fasterxml.jackson.databind.type.TypeFactory,AI_API/Campaign/manifest.json;config/round1-full854.json,saved manifest; not a fresh Defects4J query
JacksonDatabind,12,com.fasterxml.jackson.databind.deser.std.MapDeserializer,AI_API/Campaign/manifest.json;config/round1-full854.json,saved manifest; not a fresh Defects4J query
JacksonDatabind,13,com.fasterxml.jackson.databind.deser.DefaultDeserializationContext;com.fasterxml.jackson.databind.deser.impl.ObjectIdValueProperty,AI_API/Campaign/manifest.json;config/round1-full854.json,saved manifest; not a fresh Defects4J query
JacksonDatabind,14,com.fasterxml.jackson.databind.ObjectReader,AI_API/Campaign/manifest.json;config/round1-full854.json,saved manifest; not a fresh Defects4J query
JacksonDatabind,15,com.fasterxml.jackson.databind.JavaType;com.fasterxml.jackson.databind.ser.BeanSerializerFactory;com.fasterxml.jackson.databind.ser.std.BeanSerializerBase;com.fasterxml.jackson.databind.ser.std.StdDelegatingSerializer;com.fasterxml.jackson.databind.ser.std.StdSerializer,AI_API/Campaign/manifest.json;config/round1-full854.json,saved manifest; not a fresh Defects4J query
JacksonDatabind,16,com.fasterxml.jackson.databind.introspect.AnnotationMap,AI_API/Campaign/manifest.json;config/round1-full854.json,saved manifest; not a fresh Defects4J query
JacksonDatabind,17,com.fasterxml.jackson.databind.ObjectMapper,AI_API/Campaign/manifest.json;config/round1-full854.json,saved manifest; not a fresh Defects4J query
JacksonDatabind,18,com.fasterxml.jackson.databind.MappingIterator,AI_API/Campaign/manifest.json;config/round1-full854.json,saved manifest; not a fresh Defects4J query
JacksonDatabind,19,com.fasterxml.jackson.databind.type.TypeFactory,AI_API/Campaign/manifest.json;config/round1-full854.json,saved manifest; not a fresh Defects4J query
JacksonDatabind,20,com.fasterxml.jackson.databind.node.ObjectNode,AI_API/Campaign/manifest.json;config/round1-full854.json,saved manifest; not a fresh Defects4J query
JacksonDatabind,21,com.fasterxml.jackson.databind.introspect.JacksonAnnotationIntrospector,AI_API/Campaign/manifest.json;config/round1-full854.json,saved manifest; not a fresh Defects4J query
JacksonDatabind,22,com.fasterxml.jackson.databind.ser.BasicSerializerFactory;com.fasterxml.jackson.databind.ser.BeanSerializerFactory,AI_API/Campaign/manifest.json;config/round1-full854.json,saved manifest; not a fresh Defects4J query
JacksonDatabind,23,com.fasterxml.jackson.databind.ser.std.NumberSerializers,AI_API/Campaign/manifest.json;config/round1-full854.json,saved manifest; not a fresh Defects4J query
JacksonDatabind,24,com.fasterxml.jackson.databind.cfg.BaseSettings,AI_API/Campaign/manifest.json;config/round1-full854.json,saved manifest; not a fresh Defects4J query
JacksonDatabind,25,com.fasterxml.jackson.databind.deser.BasicDeserializerFactory;com.fasterxml.jackson.databind.deser.DeserializerCache;com.fasterxml.jackson.databind.jsontype.impl.TypeDeserializerBase;com.fasterxml.jackson.databind.module.SimpleAbstractTypeResolver,AI_API/Campaign/manifest.json;config/round1-full854.json,saved manifest; not a fresh Defects4J query
JacksonDatabind,26,com.fasterxml.jackson.databind.ser.BeanPropertyWriter,AI_API/Campaign/manifest.json;config/round1-full854.json,saved manifest; not a fresh Defects4J query
JacksonDatabind,27,com.fasterxml.jackson.databind.deser.BeanDeserializer,AI_API/Campaign/manifest.json;config/round1-full854.json,saved manifest; not a fresh Defects4J query
JacksonDatabind,28,com.fasterxml.jackson.databind.deser.std.JsonNodeDeserializer,AI_API/Campaign/manifest.json;config/round1-full854.json,saved manifest; not a fresh Defects4J query
JacksonDatabind,29,com.fasterxml.jackson.databind.deser.impl.ExternalTypeHandler,AI_API/Campaign/manifest.json;config/round1-full854.json,saved manifest; not a fresh Defects4J query
JacksonDatabind,30,com.fasterxml.jackson.databind.ObjectMapper;com.fasterxml.jackson.databind.util.TokenBuffer,AI_API/Campaign/manifest.json;config/round1-full854.json,saved manifest; not a fresh Defects4J query
JacksonDatabind,31,com.fasterxml.jackson.databind.util.TokenBuffer,AI_API/Campaign/manifest.json;config/round1-full854.json,saved manifest; not a fresh Defects4J query
JacksonDatabind,32,com.fasterxml.jackson.databind.deser.std.UntypedObjectDeserializer,AI_API/Campaign/manifest.json;config/round1-full854.json,saved manifest; not a fresh Defects4J query
JacksonDatabind,33,com.fasterxml.jackson.databind.introspect.JacksonAnnotationIntrospector,AI_API/Campaign/manifest.json;config/round1-full854.json,saved manifest; not a fresh Defects4J query
JacksonDatabind,34,com.fasterxml.jackson.databind.ser.std.NumberSerializer,AI_API/Campaign/manifest.json;config/round1-full854.json,saved manifest; not a fresh Defects4J query
JacksonDatabind,35,com.fasterxml.jackson.databind.jsontype.impl.AsWrapperTypeDeserializer,AI_API/Campaign/manifest.json;config/round1-full854.json,saved manifest; not a fresh Defects4J query
JacksonDatabind,36,com.fasterxml.jackson.databind.util.StdDateFormat,AI_API/Campaign/manifest.json;config/round1-full854.json,saved manifest; not a fresh Defects4J query
JacksonDatabind,37,com.fasterxml.jackson.databind.type.SimpleType,AI_API/Campaign/manifest.json;config/round1-full854.json,saved manifest; not a fresh Defects4J query
JacksonDatabind,38,com.fasterxml.jackson.databind.type.CollectionType;com.fasterxml.jackson.databind.type.MapType;com.fasterxml.jackson.databind.type.SimpleType,AI_API/Campaign/manifest.json;config/round1-full854.json,saved manifest; not a fresh Defects4J query
JacksonDatabind,39,com.fasterxml.jackson.databind.deser.std.NullifyingDeserializer,AI_API/Campaign/manifest.json;config/round1-full854.json,saved manifest; not a fresh Defects4J query
JacksonDatabind,40,com.fasterxml.jackson.databind.deser.std.NumberDeserializers,AI_API/Campaign/manifest.json;config/round1-full854.json,saved manifest; not a fresh Defects4J query
JacksonDatabind,41,com.fasterxml.jackson.databind.type.TypeFactory,AI_API/Campaign/manifest.json;config/round1-full854.json,saved manifest; not a fresh Defects4J query
JacksonDatabind,42,com.fasterxml.jackson.databind.deser.std.FromStringDeserializer,AI_API/Campaign/manifest.json;config/round1-full854.json,saved manifest; not a fresh Defects4J query
JacksonDatabind,43,com.fasterxml.jackson.databind.deser.impl.ObjectIdValueProperty,AI_API/Campaign/manifest.json;config/round1-full854.json,saved manifest; not a fresh Defects4J query
JacksonDatabind,44,com.fasterxml.jackson.databind.type.SimpleType,AI_API/Campaign/manifest.json;config/round1-full854.json,saved manifest; not a fresh Defects4J query
JacksonDatabind,45,com.fasterxml.jackson.databind.ser.std.DateTimeSerializerBase,AI_API/Campaign/manifest.json;config/round1-full854.json,saved manifest; not a fresh Defects4J query
JacksonDatabind,46,com.fasterxml.jackson.databind.type.ReferenceType,AI_API/Campaign/manifest.json;config/round1-full854.json,saved manifest; not a fresh Defects4J query
JacksonDatabind,47,com.fasterxml.jackson.databind.AnnotationIntrospector,AI_API/Campaign/manifest.json;config/round1-full854.json,saved manifest; not a fresh Defects4J query
JacksonDatabind,48,com.fasterxml.jackson.databind.DeserializationConfig;com.fasterxml.jackson.databind.SerializationConfig,AI_API/Campaign/manifest.json;config/round1-full854.json,saved manifest; not a fresh Defects4J query
JacksonDatabind,49,com.fasterxml.jackson.databind.ser.impl.WritableObjectId,AI_API/Campaign/manifest.json;config/round1-full854.json,saved manifest; not a fresh Defects4J query
JacksonDatabind,50,com.fasterxml.jackson.databind.deser.BeanDeserializer,AI_API/Campaign/manifest.json;config/round1-full854.json,saved manifest; not a fresh Defects4J query
JacksonDatabind,51,com.fasterxml.jackson.databind.jsontype.impl.TypeDeserializerBase,AI_API/Campaign/manifest.json;config/round1-full854.json,saved manifest; not a fresh Defects4J query
JacksonDatabind,52,com.fasterxml.jackson.databind.deser.BeanDeserializerBase;com.fasterxml.jackson.databind.deser.impl.ExternalTypeHandler,AI_API/Campaign/manifest.json;config/round1-full854.json,saved manifest; not a fresh Defects4J query
JacksonDatabind,53,com.fasterxml.jackson.databind.type.TypeBindings;com.fasterxml.jackson.databind.type.TypeFactory,AI_API/Campaign/manifest.json;config/round1-full854.json,saved manifest; not a fresh Defects4J query
JacksonDatabind,54,com.fasterxml.jackson.databind.ser.PropertyBuilder,AI_API/Campaign/manifest.json;config/round1-full854.json,saved manifest; not a fresh Defects4J query
JacksonDatabind,55,com.fasterxml.jackson.databind.ser.std.StdKeySerializers,AI_API/Campaign/manifest.json;config/round1-full854.json,saved manifest; not a fresh Defects4J query
JacksonDatabind,56,com.fasterxml.jackson.databind.deser.std.FromStringDeserializer,AI_API/Campaign/manifest.json;config/round1-full854.json,saved manifest; not a fresh Defects4J query
JacksonDatabind,57,com.fasterxml.jackson.databind.ObjectReader,AI_API/Campaign/manifest.json;config/round1-full854.json,saved manifest; not a fresh Defects4J query
JacksonDatabind,58,com.fasterxml.jackson.databind.deser.BeanDeserializerFactory,AI_API/Campaign/manifest.json;config/round1-full854.json,saved manifest; not a fresh Defects4J query
JacksonDatabind,59,com.fasterxml.jackson.databind.JavaType;com.fasterxml.jackson.databind.type.CollectionLikeType;com.fasterxml.jackson.databind.type.MapLikeType;com.fasterxml.jackson.databind.type.TypeFactory,AI_API/Campaign/manifest.json;config/round1-full854.json,saved manifest; not a fresh Defects4J query
JacksonDatabind,60,com.fasterxml.jackson.databind.ser.std.JsonValueSerializer,AI_API/Campaign/manifest.json;config/round1-full854.json,saved manifest; not a fresh Defects4J query
JacksonDatabind,61,com.fasterxml.jackson.databind.ObjectMapper;com.fasterxml.jackson.databind.jsontype.impl.StdTypeResolverBuilder,AI_API/Campaign/manifest.json;config/round1-full854.json,saved manifest; not a fresh Defects4J query
JacksonDatabind,62,com.fasterxml.jackson.databind.deser.std.CollectionDeserializer,AI_API/Campaign/manifest.json;config/round1-full854.json,saved manifest; not a fresh Defects4J query
JacksonDatabind,63,com.fasterxml.jackson.databind.JsonMappingException,AI_API/Campaign/manifest.json;config/round1-full854.json,saved manifest; not a fresh Defects4J query
JacksonDatabind,64,com.fasterxml.jackson.databind.ser.PropertyBuilder,AI_API/Campaign/manifest.json;config/round1-full854.json,saved manifest; not a fresh Defects4J query
JacksonDatabind,66,com.fasterxml.jackson.databind.deser.std.StdKeyDeserializer,AI_API/Campaign/manifest.json;config/round1-full854.json,saved manifest; not a fresh Defects4J query
JacksonDatabind,67,com.fasterxml.jackson.databind.deser.BasicDeserializerFactory,AI_API/Campaign/manifest.json;config/round1-full854.json,saved manifest; not a fresh Defects4J query
JacksonDatabind,68,com.fasterxml.jackson.databind.deser.BeanDeserializerBase,AI_API/Campaign/manifest.json;config/round1-full854.json,saved manifest; not a fresh Defects4J query
JacksonDatabind,69,com.fasterxml.jackson.databind.deser.impl.CreatorCollector,AI_API/Campaign/manifest.json;config/round1-full854.json,saved manifest; not a fresh Defects4J query
JacksonDatabind,70,com.fasterxml.jackson.databind.deser.impl.BeanPropertyMap,AI_API/Campaign/manifest.json;config/round1-full854.json,saved manifest; not a fresh Defects4J query
JacksonDatabind,71,com.fasterxml.jackson.databind.deser.std.StdKeyDeserializer,AI_API/Campaign/manifest.json;config/round1-full854.json,saved manifest; not a fresh Defects4J query
JacksonDatabind,72,com.fasterxml.jackson.databind.deser.impl.InnerClassProperty,AI_API/Campaign/manifest.json;config/round1-full854.json,saved manifest; not a fresh Defects4J query
JacksonDatabind,73,com.fasterxml.jackson.databind.introspect.POJOPropertiesCollector;com.fasterxml.jackson.databind.introspect.POJOPropertyBuilder,AI_API/Campaign/manifest.json;config/round1-full854.json,saved manifest; not a fresh Defects4J query
JacksonDatabind,74,com.fasterxml.jackson.databind.jsontype.impl.AsPropertyTypeDeserializer,AI_API/Campaign/manifest.json;config/round1-full854.json,saved manifest; not a fresh Defects4J query
JacksonDatabind,75,com.fasterxml.jackson.databind.ser.std.EnumSerializer,AI_API/Campaign/manifest.json;config/round1-full854.json,saved manifest; not a fresh Defects4J query
JacksonDatabind,76,com.fasterxml.jackson.databind.deser.BuilderBasedDeserializer,AI_API/Campaign/manifest.json;config/round1-full854.json,saved manifest; not a fresh Defects4J query
JacksonDatabind,77,com.fasterxml.jackson.databind.deser.BeanDeserializerFactory,AI_API/Campaign/manifest.json;config/round1-full854.json,saved manifest; not a fresh Defects4J query
JacksonDatabind,78,com.fasterxml.jackson.databind.deser.BeanDeserializerFactory,AI_API/Campaign/manifest.json;config/round1-full854.json,saved manifest; not a fresh Defects4J query
JacksonDatabind,79,com.fasterxml.jackson.databind.introspect.JacksonAnnotationIntrospector;com.fasterxml.jackson.databind.introspect.ObjectIdInfo;com.fasterxml.jackson.databind.ser.std.BeanSerializerBase,AI_API/Campaign/manifest.json;config/round1-full854.json,saved manifest; not a fresh Defects4J query
JacksonDatabind,80,com.fasterxml.jackson.databind.jsontype.impl.StdSubtypeResolver,AI_API/Campaign/manifest.json;config/round1-full854.json,saved manifest; not a fresh Defects4J query
JacksonDatabind,81,com.fasterxml.jackson.databind.introspect.JacksonAnnotationIntrospector,AI_API/Campaign/manifest.json;config/round1-full854.json,saved manifest; not a fresh Defects4J query
JacksonDatabind,82,com.fasterxml.jackson.databind.deser.BeanDeserializerFactory,AI_API/Campaign/manifest.json;config/round1-full854.json,saved manifest; not a fresh Defects4J query
JacksonDatabind,83,com.fasterxml.jackson.databind.deser.std.FromStringDeserializer,AI_API/Campaign/manifest.json;config/round1-full854.json,saved manifest; not a fresh Defects4J query
JacksonDatabind,84,com.fasterxml.jackson.databind.type.ResolvedRecursiveType,AI_API/Campaign/manifest.json;config/round1-full854.json,saved manifest; not a fresh Defects4J query
JacksonDatabind,85,com.fasterxml.jackson.databind.ser.std.DateTimeSerializerBase,AI_API/Campaign/manifest.json;config/round1-full854.json,saved manifest; not a fresh Defects4J query
JacksonDatabind,86,com.fasterxml.jackson.databind.type.ResolvedRecursiveType,AI_API/Campaign/manifest.json;config/round1-full854.json,saved manifest; not a fresh Defects4J query
JacksonDatabind,87,com.fasterxml.jackson.databind.util.StdDateFormat,AI_API/Campaign/manifest.json;config/round1-full854.json,saved manifest; not a fresh Defects4J query
JacksonDatabind,88,com.fasterxml.jackson.databind.jsontype.impl.ClassNameIdResolver,AI_API/Campaign/manifest.json;config/round1-full854.json,saved manifest; not a fresh Defects4J query
JacksonDatabind,90,com.fasterxml.jackson.databind.deser.ValueInstantiator;com.fasterxml.jackson.databind.deser.std.StdValueInstantiator,AI_API/Campaign/manifest.json;config/round1-full854.json,saved manifest; not a fresh Defects4J query
JacksonDatabind,91,com.fasterxml.jackson.databind.deser.DeserializerCache,AI_API/Campaign/manifest.json;config/round1-full854.json,saved manifest; not a fresh Defects4J query
JacksonDatabind,92,com.fasterxml.jackson.databind.deser.BeanDeserializerFactory,AI_API/Campaign/manifest.json;config/round1-full854.json,saved manifest; not a fresh Defects4J query
JacksonDatabind,93,com.fasterxml.jackson.databind.jsontype.impl.SubTypeValidator,AI_API/Campaign/manifest.json;config/round1-full854.json,saved manifest; not a fresh Defects4J query
JacksonDatabind,94,com.fasterxml.jackson.databind.jsontype.impl.SubTypeValidator,AI_API/Campaign/manifest.json;config/round1-full854.json,saved manifest; not a fresh Defects4J query
JacksonDatabind,95,com.fasterxml.jackson.databind.type.TypeFactory;com.fasterxml.jackson.databind.type.TypeParser,AI_API/Campaign/manifest.json;config/round1-full854.json,saved manifest; not a fresh Defects4J query
JacksonDatabind,96,com.fasterxml.jackson.databind.deser.BasicDeserializerFactory,AI_API/Campaign/manifest.json;config/round1-full854.json,saved manifest; not a fresh Defects4J query
JacksonDatabind,97,com.fasterxml.jackson.databind.node.POJONode,AI_API/Campaign/manifest.json;config/round1-full854.json,saved manifest; not a fresh Defects4J query
JacksonDatabind,98,com.fasterxml.jackson.databind.deser.impl.ExternalTypeHandler,AI_API/Campaign/manifest.json;config/round1-full854.json,saved manifest; not a fresh Defects4J query
JacksonDatabind,99,com.fasterxml.jackson.databind.type.ReferenceType,AI_API/Campaign/manifest.json;config/round1-full854.json,saved manifest; not a fresh Defects4J query
JacksonDatabind,100,com.fasterxml.jackson.databind.node.TreeTraversingParser,AI_API/Campaign/manifest.json;config/round1-full854.json,saved manifest; not a fresh Defects4J query
JacksonDatabind,101,com.fasterxml.jackson.databind.deser.BeanDeserializer,AI_API/Campaign/manifest.json;config/round1-full854.json,saved manifest; not a fresh Defects4J query
JacksonDatabind,102,com.fasterxml.jackson.databind.ser.std.DateTimeSerializerBase,AI_API/Campaign/manifest.json;config/round1-full854.json,saved manifest; not a fresh Defects4J query
JacksonDatabind,103,com.fasterxml.jackson.databind.DatabindContext;com.fasterxml.jackson.databind.DeserializationContext;com.fasterxml.jackson.databind.JsonMappingException;com.fasterxml.jackson.databind.SerializerProvider;com.fasterxml.jackson.databind.deser.BasicDeserializerFactory;com.fasterxml.jackson.databind.deser.BeanDeserializerFactory;com.fasterxml.jackson.databind.deser.DeserializerCache;com.fasterxml.jackson.databind.deser.SettableAnyProperty;com.fasterxml.jackson.databind.deser.SettableBeanProperty;com.fasterxml.jackson.databind.deser.std.StdDeserializer;com.fasterxml.jackson.databind.deser.std.StdKeyDeserializer;com.fasterxml.jackson.databind.deser.std.StdValueInstantiator;com.fasterxml.jackson.databind.introspect.BasicBeanDescription;com.fasterxml.jackson.databind.ser.DefaultSerializerProvider;com.fasterxml.jackson.databind.ser.PropertyBuilder;com.fasterxml.jackson.databind.util.ClassUtil,AI_API/Campaign/manifest.json;config/round1-full854.json,saved manifest; not a fresh Defects4J query
JacksonDatabind,104,com.fasterxml.jackson.databind.util.StdDateFormat,AI_API/Campaign/manifest.json;config/round1-full854.json,saved manifest; not a fresh Defects4J query
JacksonDatabind,105,com.fasterxml.jackson.databind.deser.std.JdkDeserializers,AI_API/Campaign/manifest.json;config/round1-full854.json,saved manifest; not a fresh Defects4J query
JacksonDatabind,106,com.fasterxml.jackson.databind.node.TreeTraversingParser,AI_API/Campaign/manifest.json;config/round1-full854.json,saved manifest; not a fresh Defects4J query
JacksonDatabind,107,com.fasterxml.jackson.databind.jsontype.impl.TypeDeserializerBase,AI_API/Campaign/manifest.json;config/round1-full854.json,saved manifest; not a fresh Defects4J query
JacksonDatabind,108,com.fasterxml.jackson.databind.ObjectReader,AI_API/Campaign/manifest.json;config/round1-full854.json,saved manifest; not a fresh Defects4J query
JacksonDatabind,109,com.fasterxml.jackson.databind.ser.std.NumberSerializer;com.fasterxml.jackson.databind.ser.std.NumberSerializers,AI_API/Campaign/manifest.json;config/round1-full854.json,saved manifest; not a fresh Defects4J query
JacksonDatabind,110,com.fasterxml.jackson.databind.deser.impl.JavaUtilCollectionsDeserializers,AI_API/Campaign/manifest.json;config/round1-full854.json,saved manifest; not a fresh Defects4J query
JacksonDatabind,111,com.fasterxml.jackson.databind.deser.CreatorProperty;com.fasterxml.jackson.databind.deser.impl.FieldProperty;com.fasterxml.jackson.databind.deser.impl.MethodProperty;com.fasterxml.jackson.databind.deser.impl.ObjectIdReferenceProperty;com.fasterxml.jackson.databind.deser.impl.ObjectIdValueProperty;com.fasterxml.jackson.databind.deser.impl.SetterlessProperty;com.fasterxml.jackson.databind.deser.std.AtomicReferenceDeserializer,AI_API/Campaign/manifest.json;config/round1-full854.json,saved manifest; not a fresh Defects4J query
JacksonDatabind,112,com.fasterxml.jackson.databind.deser.std.StringCollectionDeserializer,AI_API/Campaign/manifest.json;config/round1-full854.json,saved manifest; not a fresh Defects4J query
JacksonXml,1,com.fasterxml.jackson.dataformat.xml.deser.FromXmlParser,AI_API/Campaign/manifest.json;config/round1-full854.json,saved manifest; not a fresh Defects4J query
JacksonXml,2,com.fasterxml.jackson.dataformat.xml.deser.XmlTokenStream,AI_API/Campaign/manifest.json;config/round1-full854.json,saved manifest; not a fresh Defects4J query
JacksonXml,3,com.fasterxml.jackson.dataformat.xml.deser.FromXmlParser,AI_API/Campaign/manifest.json;config/round1-full854.json,saved manifest; not a fresh Defects4J query
JacksonXml,4,com.fasterxml.jackson.dataformat.xml.ser.XmlSerializerProvider,AI_API/Campaign/manifest.json;config/round1-full854.json,saved manifest; not a fresh Defects4J query
JacksonXml,5,com.fasterxml.jackson.dataformat.xml.ser.XmlSerializerProvider,AI_API/Campaign/manifest.json;config/round1-full854.json,saved manifest; not a fresh Defects4J query
JacksonXml,6,com.fasterxml.jackson.dataformat.xml.ser.ToXmlGenerator,AI_API/Campaign/manifest.json;config/round1-full854.json,saved manifest; not a fresh Defects4J query
Jsoup,1,org.jsoup.nodes.Document,AI_API/Campaign/manifest.json;config/round1-full854.json,saved manifest; not a fresh Defects4J query
Jsoup,2,org.jsoup.parser.Parser,AI_API/Campaign/manifest.json;config/round1-full854.json,saved manifest; not a fresh Defects4J query
Jsoup,3,org.jsoup.nodes.Element;org.jsoup.parser.Parser;org.jsoup.parser.Tag,AI_API/Campaign/manifest.json;config/round1-full854.json,saved manifest; not a fresh Defects4J query
Jsoup,4,org.jsoup.nodes.Entities,AI_API/Campaign/manifest.json;config/round1-full854.json,saved manifest; not a fresh Defects4J query
Jsoup,5,org.jsoup.parser.Parser,AI_API/Campaign/manifest.json;config/round1-full854.json,saved manifest; not a fresh Defects4J query
Jsoup,6,org.jsoup.nodes.Entities,AI_API/Campaign/manifest.json;config/round1-full854.json,saved manifest; not a fresh Defects4J query
Jsoup,7,org.jsoup.nodes.Document,AI_API/Campaign/manifest.json;config/round1-full854.json,saved manifest; not a fresh Defects4J query
Jsoup,8,org.jsoup.nodes.Node,AI_API/Campaign/manifest.json;config/round1-full854.json,saved manifest; not a fresh Defects4J query
Jsoup,9,org.jsoup.nodes.Entities,AI_API/Campaign/manifest.json;config/round1-full854.json,saved manifest; not a fresh Defects4J query
Jsoup,10,org.jsoup.nodes.Node,AI_API/Campaign/manifest.json;config/round1-full854.json,saved manifest; not a fresh Defects4J query
Jsoup,11,org.jsoup.select.Selector,AI_API/Campaign/manifest.json;config/round1-full854.json,saved manifest; not a fresh Defects4J query
Jsoup,12,org.jsoup.select.Selector,AI_API/Campaign/manifest.json;config/round1-full854.json,saved manifest; not a fresh Defects4J query
Jsoup,13,org.jsoup.nodes.Node,AI_API/Campaign/manifest.json;config/round1-full854.json,saved manifest; not a fresh Defects4J query
Jsoup,14,org.jsoup.parser.Tokeniser;org.jsoup.parser.TokeniserState,AI_API/Campaign/manifest.json;config/round1-full854.json,saved manifest; not a fresh Defects4J query
Jsoup,15,org.jsoup.parser.TreeBuilderState,AI_API/Campaign/manifest.json;config/round1-full854.json,saved manifest; not a fresh Defects4J query
Jsoup,16,org.jsoup.nodes.DocumentType,AI_API/Campaign/manifest.json;config/round1-full854.json,saved manifest; not a fresh Defects4J query
Jsoup,17,org.jsoup.parser.TreeBuilderState,AI_API/Campaign/manifest.json;config/round1-full854.json,saved manifest; not a fresh Defects4J query
Jsoup,18,org.jsoup.parser.CharacterReader,AI_API/Campaign/manifest.json;config/round1-full854.json,saved manifest; not a fresh Defects4J query
Jsoup,19,org.jsoup.safety.Whitelist,AI_API/Campaign/manifest.json;config/round1-full854.json,saved manifest; not a fresh Defects4J query
Jsoup,20,org.jsoup.helper.DataUtil,AI_API/Campaign/manifest.json;config/round1-full854.json,saved manifest; not a fresh Defects4J query
Jsoup,21,org.jsoup.select.CombiningEvaluator;org.jsoup.select.QueryParser,AI_API/Campaign/manifest.json;config/round1-full854.json,saved manifest; not a fresh Defects4J query
Jsoup,22,org.jsoup.nodes.Element;org.jsoup.nodes.Node;org.jsoup.select.Elements,AI_API/Campaign/manifest.json;config/round1-full854.json,saved manifest; not a fresh Defects4J query
Jsoup,23,org.jsoup.parser.CharacterReader;org.jsoup.parser.Tokeniser,AI_API/Campaign/manifest.json;config/round1-full854.json,saved manifest; not a fresh Defects4J query
Jsoup,24,org.jsoup.parser.TokeniserState,AI_API/Campaign/manifest.json;config/round1-full854.json,saved manifest; not a fresh Defects4J query
Jsoup,25,org.jsoup.parser.Tag,AI_API/Campaign/manifest.json;config/round1-full854.json,saved manifest; not a fresh Defects4J query
Jsoup,26,org.jsoup.safety.Cleaner,AI_API/Campaign/manifest.json;config/round1-full854.json,saved manifest; not a fresh Defects4J query
Jsoup,27,org.jsoup.helper.DataUtil,AI_API/Campaign/manifest.json;config/round1-full854.json,saved manifest; not a fresh Defects4J query
Jsoup,28,org.jsoup.nodes.Entities;org.jsoup.parser.Parser;org.jsoup.parser.Tokeniser,AI_API/Campaign/manifest.json;config/round1-full854.json,saved manifest; not a fresh Defects4J query
Jsoup,29,org.jsoup.nodes.Document,AI_API/Campaign/manifest.json;config/round1-full854.json,saved manifest; not a fresh Defects4J query
Jsoup,30,org.jsoup.safety.Cleaner,AI_API/Campaign/manifest.json;config/round1-full854.json,saved manifest; not a fresh Defects4J query
Jsoup,31,org.jsoup.parser.Token;org.jsoup.parser.TokeniserState;org.jsoup.parser.XmlTreeBuilder,AI_API/Campaign/manifest.json;config/round1-full854.json,saved manifest; not a fresh Defects4J query
Jsoup,32,org.jsoup.nodes.Element,AI_API/Campaign/manifest.json;config/round1-full854.json,saved manifest; not a fresh Defects4J query
Jsoup,33,org.jsoup.parser.HtmlTreeBuilder,AI_API/Campaign/manifest.json;config/round1-full854.json,saved manifest; not a fresh Defects4J query
Jsoup,34,org.jsoup.parser.CharacterReader,AI_API/Campaign/manifest.json;config/round1-full854.json,saved manifest; not a fresh Defects4J query
Jsoup,35,org.jsoup.parser.HtmlTreeBuilderState,AI_API/Campaign/manifest.json;config/round1-full854.json,saved manifest; not a fresh Defects4J query
Jsoup,36,org.jsoup.helper.DataUtil,AI_API/Campaign/manifest.json;config/round1-full854.json,saved manifest; not a fresh Defects4J query
Jsoup,37,org.jsoup.nodes.Element,AI_API/Campaign/manifest.json;config/round1-full854.json,saved manifest; not a fresh Defects4J query
Jsoup,38,org.jsoup.parser.HtmlTreeBuilderState,AI_API/Campaign/manifest.json;config/round1-full854.json,saved manifest; not a fresh Defects4J query
Jsoup,39,org.jsoup.helper.DataUtil,AI_API/Campaign/manifest.json;config/round1-full854.json,saved manifest; not a fresh Defects4J query
Jsoup,40,org.jsoup.nodes.DocumentType,AI_API/Campaign/manifest.json;config/round1-full854.json,saved manifest; not a fresh Defects4J query
Jsoup,41,org.jsoup.nodes.Element,AI_API/Campaign/manifest.json;config/round1-full854.json,saved manifest; not a fresh Defects4J query
Jsoup,42,org.jsoup.nodes.FormElement,AI_API/Campaign/manifest.json;config/round1-full854.json,saved manifest; not a fresh Defects4J query
Jsoup,43,org.jsoup.nodes.Element,AI_API/Campaign/manifest.json;config/round1-full854.json,saved manifest; not a fresh Defects4J query
Jsoup,44,org.jsoup.parser.TreeBuilder,AI_API/Campaign/manifest.json;config/round1-full854.json,saved manifest; not a fresh Defects4J query
Jsoup,45,org.jsoup.parser.HtmlTreeBuilder,AI_API/Campaign/manifest.json;config/round1-full854.json,saved manifest; not a fresh Defects4J query
Jsoup,46,org.jsoup.nodes.Entities,AI_API/Campaign/manifest.json;config/round1-full854.json,saved manifest; not a fresh Defects4J query
Jsoup,47,org.jsoup.nodes.Entities,AI_API/Campaign/manifest.json;config/round1-full854.json,saved manifest; not a fresh Defects4J query
Jsoup,48,org.jsoup.helper.HttpConnection,AI_API/Campaign/manifest.json;config/round1-full854.json,saved manifest; not a fresh Defects4J query
Jsoup,49,org.jsoup.nodes.Node,AI_API/Campaign/manifest.json;config/round1-full854.json,saved manifest; not a fresh Defects4J query
Jsoup,50,org.jsoup.helper.DataUtil,AI_API/Campaign/manifest.json;config/round1-full854.json,saved manifest; not a fresh Defects4J query
Jsoup,51,org.jsoup.parser.CharacterReader,AI_API/Campaign/manifest.json;config/round1-full854.json,saved manifest; not a fresh Defects4J query
Jsoup,52,org.jsoup.helper.DataUtil;org.jsoup.nodes.XmlDeclaration;org.jsoup.parser.XmlTreeBuilder,AI_API/Campaign/manifest.json;config/round1-full854.json,saved manifest; not a fresh Defects4J query
Jsoup,53,org.jsoup.parser.TokenQueue,AI_API/Campaign/manifest.json;config/round1-full854.json,saved manifest; not a fresh Defects4J query
Jsoup,54,org.jsoup.helper.W3CDom,AI_API/Campaign/manifest.json;config/round1-full854.json,saved manifest; not a fresh Defects4J query
Jsoup,55,org.jsoup.parser.TokeniserState,AI_API/Campaign/manifest.json;config/round1-full854.json,saved manifest; not a fresh Defects4J query
Jsoup,56,org.jsoup.nodes.DocumentType;org.jsoup.parser.HtmlTreeBuilderState;org.jsoup.parser.Token;org.jsoup.parser.TokeniserState;org.jsoup.parser.XmlTreeBuilder,AI_API/Campaign/manifest.json;config/round1-full854.json,saved manifest; not a fresh Defects4J query
Jsoup,57,org.jsoup.nodes.Attributes,AI_API/Campaign/manifest.json;config/round1-full854.json,saved manifest; not a fresh Defects4J query
Jsoup,58,org.jsoup.Jsoup;org.jsoup.parser.Parser;org.jsoup.safety.Cleaner,AI_API/Campaign/manifest.json;config/round1-full854.json,saved manifest; not a fresh Defects4J query
Jsoup,59,org.jsoup.parser.Token,AI_API/Campaign/manifest.json;config/round1-full854.json,saved manifest; not a fresh Defects4J query
Jsoup,60,org.jsoup.parser.TokenQueue;org.jsoup.select.QueryParser,AI_API/Campaign/manifest.json;config/round1-full854.json,saved manifest; not a fresh Defects4J query
Jsoup,61,org.jsoup.nodes.Element,AI_API/Campaign/manifest.json;config/round1-full854.json,saved manifest; not a fresh Defects4J query
Jsoup,62,org.jsoup.parser.HtmlTreeBuilderState,AI_API/Campaign/manifest.json;config/round1-full854.json,saved manifest; not a fresh Defects4J query
Jsoup,63,org.jsoup.parser.HtmlTreeBuilder;org.jsoup.parser.Tokeniser,AI_API/Campaign/manifest.json;config/round1-full854.json,saved manifest; not a fresh Defects4J query
Jsoup,64,org.jsoup.parser.HtmlTreeBuilderState,AI_API/Campaign/manifest.json;config/round1-full854.json,saved manifest; not a fresh Defects4J query
Jsoup,65,org.jsoup.parser.HtmlTreeBuilder;org.jsoup.parser.HtmlTreeBuilderState,AI_API/Campaign/manifest.json;config/round1-full854.json,saved manifest; not a fresh Defects4J query
Jsoup,66,org.jsoup.nodes.Element,AI_API/Campaign/manifest.json;config/round1-full854.json,saved manifest; not a fresh Defects4J query
Jsoup,67,org.jsoup.parser.HtmlTreeBuilder,AI_API/Campaign/manifest.json;config/round1-full854.json,saved manifest; not a fresh Defects4J query
Jsoup,68,org.jsoup.parser.HtmlTreeBuilder,AI_API/Campaign/manifest.json;config/round1-full854.json,saved manifest; not a fresh Defects4J query
Jsoup,69,org.jsoup.nodes.FormElement,AI_API/Campaign/manifest.json;config/round1-full854.json,saved manifest; not a fresh Defects4J query
Jsoup,70,org.jsoup.nodes.Element,AI_API/Campaign/manifest.json;config/round1-full854.json,saved manifest; not a fresh Defects4J query
Jsoup,71,org.jsoup.nodes.PseudoTextElement;org.jsoup.select.Evaluator;org.jsoup.select.QueryParser,AI_API/Campaign/manifest.json;config/round1-full854.json,saved manifest; not a fresh Defects4J query
Jsoup,72,org.jsoup.parser.CharacterReader,AI_API/Campaign/manifest.json;config/round1-full854.json,saved manifest; not a fresh Defects4J query
Jsoup,73,org.jsoup.helper.W3CDom,AI_API/Campaign/manifest.json;config/round1-full854.json,saved manifest; not a fresh Defects4J query
Jsoup,74,org.jsoup.helper.StringUtil,AI_API/Campaign/manifest.json;config/round1-full854.json,saved manifest; not a fresh Defects4J query
Jsoup,75,org.jsoup.nodes.Attributes,AI_API/Campaign/manifest.json;config/round1-full854.json,saved manifest; not a fresh Defects4J query
Jsoup,76,org.jsoup.parser.HtmlTreeBuilderState,AI_API/Campaign/manifest.json;config/round1-full854.json,saved manifest; not a fresh Defects4J query
Jsoup,77,org.jsoup.parser.XmlTreeBuilder,AI_API/Campaign/manifest.json;config/round1-full854.json,saved manifest; not a fresh Defects4J query
Jsoup,78,org.jsoup.helper.DataUtil,AI_API/Campaign/manifest.json;config/round1-full854.json,saved manifest; not a fresh Defects4J query
Jsoup,79,org.jsoup.nodes.LeafNode,AI_API/Campaign/manifest.json;config/round1-full854.json,saved manifest; not a fresh Defects4J query
Jsoup,80,org.jsoup.parser.XmlTreeBuilder,AI_API/Campaign/manifest.json;config/round1-full854.json,saved manifest; not a fresh Defects4J query
Jsoup,81,org.jsoup.helper.DataUtil,AI_API/Campaign/manifest.json;config/round1-full854.json,saved manifest; not a fresh Defects4J query
Jsoup,82,org.jsoup.helper.DataUtil,AI_API/Campaign/manifest.json;config/round1-full854.json,saved manifest; not a fresh Defects4J query
Jsoup,83,org.jsoup.parser.CharacterReader;org.jsoup.parser.TokeniserState,AI_API/Campaign/manifest.json;config/round1-full854.json,saved manifest; not a fresh Defects4J query
Jsoup,84,org.jsoup.helper.W3CDom,AI_API/Campaign/manifest.json;config/round1-full854.json,saved manifest; not a fresh Defects4J query
Jsoup,85,org.jsoup.nodes.Attribute,AI_API/Campaign/manifest.json;config/round1-full854.json,saved manifest; not a fresh Defects4J query
Jsoup,86,org.jsoup.nodes.Comment,AI_API/Campaign/manifest.json;config/round1-full854.json,saved manifest; not a fresh Defects4J query
Jsoup,87,org.jsoup.nodes.Element;org.jsoup.parser.HtmlTreeBuilder;org.jsoup.parser.HtmlTreeBuilderState;org.jsoup.parser.Tag,AI_API/Campaign/manifest.json;config/round1-full854.json,saved manifest; not a fresh Defects4J query
Jsoup,88,org.jsoup.nodes.Attribute,AI_API/Campaign/manifest.json;config/round1-full854.json,saved manifest; not a fresh Defects4J query
Jsoup,89,org.jsoup.nodes.Attribute,AI_API/Campaign/manifest.json;config/round1-full854.json,saved manifest; not a fresh Defects4J query
Jsoup,90,org.jsoup.helper.HttpConnection,AI_API/Campaign/manifest.json;config/round1-full854.json,saved manifest; not a fresh Defects4J query
Jsoup,91,org.jsoup.UncheckedIOException;org.jsoup.parser.CharacterReader,AI_API/Campaign/manifest.json;config/round1-full854.json,saved manifest; not a fresh Defects4J query
Jsoup,92,org.jsoup.nodes.Attributes;org.jsoup.parser.HtmlTreeBuilder;org.jsoup.parser.ParseSettings;org.jsoup.parser.Token;org.jsoup.parser.XmlTreeBuilder,AI_API/Campaign/manifest.json;config/round1-full854.json,saved manifest; not a fresh Defects4J query
Jsoup,93,org.jsoup.nodes.FormElement,AI_API/Campaign/manifest.json;config/round1-full854.json,saved manifest; not a fresh Defects4J query
JxPath,1,org.apache.commons.jxpath.ri.model.dom.DOMNodePointer;org.apache.commons.jxpath.ri.model.jdom.JDOMNodePointer,AI_API/Campaign/manifest.json;config/round1-full854.json,saved manifest; not a fresh Defects4J query
JxPath,2,org.apache.commons.jxpath.ri.compiler.Expression,AI_API/Campaign/manifest.json;config/round1-full854.json,saved manifest; not a fresh Defects4J query
JxPath,3,org.apache.commons.jxpath.ri.model.beans.NullPropertyPointer,AI_API/Campaign/manifest.json;config/round1-full854.json,saved manifest; not a fresh Defects4J query
JxPath,4,org.apache.commons.jxpath.ri.model.dom.DOMNodePointer;org.apache.commons.jxpath.ri.model.jdom.JDOMNodePointer,AI_API/Campaign/manifest.json;config/round1-full854.json,saved manifest; not a fresh Defects4J query
JxPath,5,org.apache.commons.jxpath.ri.model.NodePointer,AI_API/Campaign/manifest.json;config/round1-full854.json,saved manifest; not a fresh Defects4J query
JxPath,6,org.apache.commons.jxpath.ri.compiler.CoreOperationCompare,AI_API/Campaign/manifest.json;config/round1-full854.json,saved manifest; not a fresh Defects4J query
JxPath,7,org.apache.commons.jxpath.ri.compiler.CoreOperationGreaterThan;org.apache.commons.jxpath.ri.compiler.CoreOperationGreaterThanOrEqual;org.apache.commons.jxpath.ri.compiler.CoreOperationLessThan;org.apache.commons.jxpath.ri.compiler.CoreOperationLessThanOrEqual;org.apache.commons.jxpath.ri.compiler.CoreOperationRelationalExpression,AI_API/Campaign/manifest.json;config/round1-full854.json,saved manifest; not a fresh Defects4J query
JxPath,8,org.apache.commons.jxpath.ri.compiler.CoreOperationRelationalExpression,AI_API/Campaign/manifest.json;config/round1-full854.json,saved manifest; not a fresh Defects4J query
JxPath,9,org.apache.commons.jxpath.ri.compiler.CoreOperationCompare;org.apache.commons.jxpath.ri.compiler.CoreOperationEqual;org.apache.commons.jxpath.ri.compiler.CoreOperationNotEqual,AI_API/Campaign/manifest.json;config/round1-full854.json,saved manifest; not a fresh Defects4J query
JxPath,10,org.apache.commons.jxpath.ri.compiler.CoreOperationRelationalExpression,AI_API/Campaign/manifest.json;config/round1-full854.json,saved manifest; not a fresh Defects4J query
JxPath,11,org.apache.commons.jxpath.ri.model.dom.DOMAttributeIterator;org.apache.commons.jxpath.ri.model.jdom.JDOMAttributeIterator,AI_API/Campaign/manifest.json;config/round1-full854.json,saved manifest; not a fresh Defects4J query
JxPath,12,org.apache.commons.jxpath.ri.model.dom.DOMNodePointer,AI_API/Campaign/manifest.json;config/round1-full854.json,saved manifest; not a fresh Defects4J query
JxPath,13,org.apache.commons.jxpath.ri.NamespaceResolver;org.apache.commons.jxpath.ri.model.dom.DOMNodePointer,AI_API/Campaign/manifest.json;config/round1-full854.json,saved manifest; not a fresh Defects4J query
JxPath,14,org.apache.commons.jxpath.ri.compiler.CoreFunction,AI_API/Campaign/manifest.json;config/round1-full854.json,saved manifest; not a fresh Defects4J query
JxPath,15,org.apache.commons.jxpath.ri.axes.UnionContext,AI_API/Campaign/manifest.json;config/round1-full854.json,saved manifest; not a fresh Defects4J query
JxPath,16,org.apache.commons.jxpath.ri.model.dom.DOMNodePointer;org.apache.commons.jxpath.ri.model.jdom.JDOMNodePointer,AI_API/Campaign/manifest.json;config/round1-full854.json,saved manifest; not a fresh Defects4J query
JxPath,17,org.apache.commons.jxpath.ri.model.dom.DOMAttributeIterator;org.apache.commons.jxpath.ri.model.jdom.JDOMAttributeIterator,AI_API/Campaign/manifest.json;config/round1-full854.json,saved manifest; not a fresh Defects4J query
JxPath,18,org.apache.commons.jxpath.ri.axes.AttributeContext,AI_API/Campaign/manifest.json;config/round1-full854.json,saved manifest; not a fresh Defects4J query
JxPath,19,org.apache.commons.jxpath.ri.model.dom.DOMNodePointer;org.apache.commons.jxpath.ri.model.jdom.JDOMNodePointer,AI_API/Campaign/manifest.json;config/round1-full854.json,saved manifest; not a fresh Defects4J query
JxPath,20,org.apache.commons.jxpath.ri.compiler.CoreOperationRelationalExpression,AI_API/Campaign/manifest.json;config/round1-full854.json,saved manifest; not a fresh Defects4J query
JxPath,21,org.apache.commons.jxpath.ri.model.beans.PropertyPointer,AI_API/Campaign/manifest.json;config/round1-full854.json,saved manifest; not a fresh Defects4J query
JxPath,22,org.apache.commons.jxpath.ri.model.dom.DOMNodePointer,AI_API/Campaign/manifest.json;config/round1-full854.json,saved manifest; not a fresh Defects4J query
Lang,1,org.apache.commons.lang3.math.NumberUtils,AI_API/Campaign/manifest.json;config/round1-full854.json,saved manifest; not a fresh Defects4J query
Lang,3,org.apache.commons.lang3.math.NumberUtils,AI_API/Campaign/manifest.json;config/round1-full854.json,saved manifest; not a fresh Defects4J query
Lang,4,org.apache.commons.lang3.text.translate.LookupTranslator,AI_API/Campaign/manifest.json;config/round1-full854.json,saved manifest; not a fresh Defects4J query
Lang,5,org.apache.commons.lang3.LocaleUtils,AI_API/Campaign/manifest.json;config/round1-full854.json,saved manifest; not a fresh Defects4J query
Lang,6,org.apache.commons.lang3.text.translate.CharSequenceTranslator,AI_API/Campaign/manifest.json;config/round1-full854.json,saved manifest; not a fresh Defects4J query
Lang,7,org.apache.commons.lang3.math.NumberUtils,AI_API/Campaign/manifest.json;config/round1-full854.json,saved manifest; not a fresh Defects4J query
Lang,8,org.apache.commons.lang3.time.FastDatePrinter,AI_API/Campaign/manifest.json;config/round1-full854.json,saved manifest; not a fresh Defects4J query
Lang,9,org.apache.commons.lang3.time.FastDateParser,AI_API/Campaign/manifest.json;config/round1-full854.json,saved manifest; not a fresh Defects4J query
Lang,10,org.apache.commons.lang3.time.FastDateParser,AI_API/Campaign/manifest.json;config/round1-full854.json,saved manifest; not a fresh Defects4J query
Lang,11,org.apache.commons.lang3.RandomStringUtils,AI_API/Campaign/manifest.json;config/round1-full854.json,saved manifest; not a fresh Defects4J query
Lang,12,org.apache.commons.lang3.RandomStringUtils,AI_API/Campaign/manifest.json;config/round1-full854.json,saved manifest; not a fresh Defects4J query
Lang,13,org.apache.commons.lang3.SerializationUtils,AI_API/Campaign/manifest.json;config/round1-full854.json,saved manifest; not a fresh Defects4J query
Lang,14,org.apache.commons.lang3.StringUtils,AI_API/Campaign/manifest.json;config/round1-full854.json,saved manifest; not a fresh Defects4J query
Lang,15,org.apache.commons.lang3.reflect.TypeUtils,AI_API/Campaign/manifest.json;config/round1-full854.json,saved manifest; not a fresh Defects4J query
Lang,16,org.apache.commons.lang3.math.NumberUtils,AI_API/Campaign/manifest.json;config/round1-full854.json,saved manifest; not a fresh Defects4J query
Lang,17,org.apache.commons.lang3.text.translate.CharSequenceTranslator,AI_API/Campaign/manifest.json;config/round1-full854.json,saved manifest; not a fresh Defects4J query
Lang,19,org.apache.commons.lang3.text.translate.NumericEntityUnescaper,AI_API/Campaign/manifest.json;config/round1-full854.json,saved manifest; not a fresh Defects4J query
Lang,20,org.apache.commons.lang3.StringUtils,AI_API/Campaign/manifest.json;config/round1-full854.json,saved manifest; not a fresh Defects4J query
Lang,21,org.apache.commons.lang3.time.DateUtils,AI_API/Campaign/manifest.json;config/round1-full854.json,saved manifest; not a fresh Defects4J query
Lang,22,org.apache.commons.lang3.math.Fraction,AI_API/Campaign/manifest.json;config/round1-full854.json,saved manifest; not a fresh Defects4J query
Lang,23,org.apache.commons.lang3.text.ExtendedMessageFormat,AI_API/Campaign/manifest.json;config/round1-full854.json,saved manifest; not a fresh Defects4J query
Lang,24,org.apache.commons.lang3.math.NumberUtils,AI_API/Campaign/manifest.json;config/round1-full854.json,saved manifest; not a fresh Defects4J query
Lang,26,org.apache.commons.lang3.time.FastDateFormat,AI_API/Campaign/manifest.json;config/round1-full854.json,saved manifest; not a fresh Defects4J query
Lang,27,org.apache.commons.lang3.math.NumberUtils,AI_API/Campaign/manifest.json;config/round1-full854.json,saved manifest; not a fresh Defects4J query
Lang,28,org.apache.commons.lang3.text.translate.NumericEntityUnescaper,AI_API/Campaign/manifest.json;config/round1-full854.json,saved manifest; not a fresh Defects4J query
Lang,29,org.apache.commons.lang3.SystemUtils,AI_API/Campaign/manifest.json;config/round1-full854.json,saved manifest; not a fresh Defects4J query
Lang,30,org.apache.commons.lang3.StringUtils,AI_API/Campaign/manifest.json;config/round1-full854.json,saved manifest; not a fresh Defects4J query
Lang,31,org.apache.commons.lang3.StringUtils,AI_API/Campaign/manifest.json;config/round1-full854.json,saved manifest; not a fresh Defects4J query
Lang,32,org.apache.commons.lang3.builder.HashCodeBuilder,AI_API/Campaign/manifest.json;config/round1-full854.json,saved manifest; not a fresh Defects4J query
Lang,33,org.apache.commons.lang3.ClassUtils,AI_API/Campaign/manifest.json;config/round1-full854.json,saved manifest; not a fresh Defects4J query
Lang,34,org.apache.commons.lang3.builder.ToStringStyle,AI_API/Campaign/manifest.json;config/round1-full854.json,saved manifest; not a fresh Defects4J query
Lang,35,org.apache.commons.lang3.ArrayUtils,AI_API/Campaign/manifest.json;config/round1-full854.json,saved manifest; not a fresh Defects4J query
Lang,36,org.apache.commons.lang3.math.NumberUtils,AI_API/Campaign/manifest.json;config/round1-full854.json,saved manifest; not a fresh Defects4J query
Lang,37,org.apache.commons.lang3.ArrayUtils,AI_API/Campaign/manifest.json;config/round1-full854.json,saved manifest; not a fresh Defects4J query
Lang,38,org.apache.commons.lang3.time.FastDateFormat,AI_API/Campaign/manifest.json;config/round1-full854.json,saved manifest; not a fresh Defects4J query
Lang,39,org.apache.commons.lang3.StringUtils,AI_API/Campaign/manifest.json;config/round1-full854.json,saved manifest; not a fresh Defects4J query
Lang,40,org.apache.commons.lang.StringUtils,AI_API/Campaign/manifest.json;config/round1-full854.json,saved manifest; not a fresh Defects4J query
Lang,41,org.apache.commons.lang.ClassUtils,AI_API/Campaign/manifest.json;config/round1-full854.json,saved manifest; not a fresh Defects4J query
Lang,42,org.apache.commons.lang.Entities,AI_API/Campaign/manifest.json;config/round1-full854.json,saved manifest; not a fresh Defects4J query
Lang,43,org.apache.commons.lang.text.ExtendedMessageFormat,AI_API/Campaign/manifest.json;config/round1-full854.json,saved manifest; not a fresh Defects4J query
Lang,44,org.apache.commons.lang.NumberUtils,AI_API/Campaign/manifest.json;config/round1-full854.json,saved manifest; not a fresh Defects4J query
Lang,45,org.apache.commons.lang.WordUtils,AI_API/Campaign/manifest.json;config/round1-full854.json,saved manifest; not a fresh Defects4J query
Lang,46,org.apache.commons.lang.StringEscapeUtils,AI_API/Campaign/manifest.json;config/round1-full854.json,saved manifest; not a fresh Defects4J query
Lang,47,org.apache.commons.lang.text.StrBuilder,AI_API/Campaign/manifest.json;config/round1-full854.json,saved manifest; not a fresh Defects4J query
Lang,49,org.apache.commons.lang.math.Fraction,AI_API/Campaign/manifest.json;config/round1-full854.json,saved manifest; not a fresh Defects4J query
Lang,50,org.apache.commons.lang.time.FastDateFormat,AI_API/Campaign/manifest.json;config/round1-full854.json,saved manifest; not a fresh Defects4J query
Lang,51,org.apache.commons.lang.BooleanUtils,AI_API/Campaign/manifest.json;config/round1-full854.json,saved manifest; not a fresh Defects4J query
Lang,52,org.apache.commons.lang.StringEscapeUtils,AI_API/Campaign/manifest.json;config/round1-full854.json,saved manifest; not a fresh Defects4J query
Lang,53,org.apache.commons.lang.time.DateUtils,AI_API/Campaign/manifest.json;config/round1-full854.json,saved manifest; not a fresh Defects4J query
Lang,54,org.apache.commons.lang.LocaleUtils,AI_API/Campaign/manifest.json;config/round1-full854.json,saved manifest; not a fresh Defects4J query
Lang,55,org.apache.commons.lang.time.StopWatch,AI_API/Campaign/manifest.json;config/round1-full854.json,saved manifest; not a fresh Defects4J query
Lang,56,org.apache.commons.lang.time.FastDateFormat,AI_API/Campaign/manifest.json;config/round1-full854.json,saved manifest; not a fresh Defects4J query
Lang,57,org.apache.commons.lang.LocaleUtils,AI_API/Campaign/manifest.json;config/round1-full854.json,saved manifest; not a fresh Defects4J query
Lang,58,org.apache.commons.lang.math.NumberUtils,AI_API/Campaign/manifest.json;config/round1-full854.json,saved manifest; not a fresh Defects4J query
Lang,59,org.apache.commons.lang.text.StrBuilder,AI_API/Campaign/manifest.json;config/round1-full854.json,saved manifest; not a fresh Defects4J query
Lang,60,org.apache.commons.lang.text.StrBuilder,AI_API/Campaign/manifest.json;config/round1-full854.json,saved manifest; not a fresh Defects4J query
Lang,61,org.apache.commons.lang.text.StrBuilder,AI_API/Campaign/manifest.json;config/round1-full854.json,saved manifest; not a fresh Defects4J query
Lang,62,org.apache.commons.lang.Entities,AI_API/Campaign/manifest.json;config/round1-full854.json,saved manifest; not a fresh Defects4J query
Lang,63,org.apache.commons.lang.time.DurationFormatUtils,AI_API/Campaign/manifest.json;config/round1-full854.json,saved manifest; not a fresh Defects4J query
Lang,64,org.apache.commons.lang.enums.ValuedEnum,AI_API/Campaign/manifest.json;config/round1-full854.json,saved manifest; not a fresh Defects4J query
Lang,65,org.apache.commons.lang.time.DateUtils,AI_API/Campaign/manifest.json;config/round1-full854.json,saved manifest; not a fresh Defects4J query
Math,1,org.apache.commons.math3.fraction.BigFraction;org.apache.commons.math3.fraction.Fraction,AI_API/Campaign/manifest.json;config/round1-full854.json,saved manifest; not a fresh Defects4J query
Math,2,org.apache.commons.math3.distribution.HypergeometricDistribution,AI_API/Campaign/manifest.json;config/round1-full854.json,saved manifest; not a fresh Defects4J query
Math,3,org.apache.commons.math3.util.MathArrays,AI_API/Campaign/manifest.json;config/round1-full854.json,saved manifest; not a fresh Defects4J query
Math,4,org.apache.commons.math3.geometry.euclidean.threed.SubLine;org.apache.commons.math3.geometry.euclidean.twod.SubLine,AI_API/Campaign/manifest.json;config/round1-full854.json,saved manifest; not a fresh Defects4J query
Math,5,org.apache.commons.math3.complex.Complex,AI_API/Campaign/manifest.json;config/round1-full854.json,saved manifest; not a fresh Defects4J query
Math,6,org.apache.commons.math3.optim.BaseOptimizer;org.apache.commons.math3.optim.nonlinear.scalar.gradient.NonLinearConjugateGradientOptimizer;org.apache.commons.math3.optim.nonlinear.scalar.noderiv.CMAESOptimizer;org.apache.commons.math3.optim.nonlinear.scalar.noderiv.PowellOptimizer;org.apache.commons.math3.optim.nonlinear.scalar.noderiv.SimplexOptimizer;org.apache.commons.math3.optim.nonlinear.vector.jacobian.GaussNewtonOptimizer;org.apache.commons.math3.optim.nonlinear.vector.jacobian.LevenbergMarquardtOptimizer,AI_API/Campaign/manifest.json;config/round1-full854.json,saved manifest; not a fresh Defects4J query
Math,7,org.apache.commons.math3.ode.AbstractIntegrator,AI_API/Campaign/manifest.json;config/round1-full854.json,saved manifest; not a fresh Defects4J query
Math,8,org.apache.commons.math3.distribution.DiscreteDistribution,AI_API/Campaign/manifest.json;config/round1-full854.json,saved manifest; not a fresh Defects4J query
Math,9,org.apache.commons.math3.geometry.euclidean.threed.Line,AI_API/Campaign/manifest.json;config/round1-full854.json,saved manifest; not a fresh Defects4J query
Math,10,org.apache.commons.math3.analysis.differentiation.DSCompiler,AI_API/Campaign/manifest.json;config/round1-full854.json,saved manifest; not a fresh Defects4J query
Math,11,org.apache.commons.math3.distribution.MultivariateNormalDistribution,AI_API/Campaign/manifest.json;config/round1-full854.json,saved manifest; not a fresh Defects4J query
Math,12,org.apache.commons.math3.random.BitsStreamGenerator,AI_API/Campaign/manifest.json;config/round1-full854.json,saved manifest; not a fresh Defects4J query
Math,13,org.apache.commons.math3.optimization.general.AbstractLeastSquaresOptimizer,AI_API/Campaign/manifest.json;config/round1-full854.json,saved manifest; not a fresh Defects4J query
Math,14,org.apache.commons.math3.optim.nonlinear.vector.Weight;org.apache.commons.math3.optim.nonlinear.vector.jacobian.AbstractLeastSquaresOptimizer,AI_API/Campaign/manifest.json;config/round1-full854.json,saved manifest; not a fresh Defects4J query
Math,15,org.apache.commons.math3.util.FastMath,AI_API/Campaign/manifest.json;config/round1-full854.json,saved manifest; not a fresh Defects4J query
Math,16,org.apache.commons.math3.util.FastMath,AI_API/Campaign/manifest.json;config/round1-full854.json,saved manifest; not a fresh Defects4J query
Math,17,org.apache.commons.math3.dfp.Dfp,AI_API/Campaign/manifest.json;config/round1-full854.json,saved manifest; not a fresh Defects4J query
Math,18,org.apache.commons.math3.optimization.direct.CMAESOptimizer,AI_API/Campaign/manifest.json;config/round1-full854.json,saved manifest; not a fresh Defects4J query
Math,19,org.apache.commons.math3.optimization.direct.CMAESOptimizer,AI_API/Campaign/manifest.json;config/round1-full854.json,saved manifest; not a fresh Defects4J query
Math,20,org.apache.commons.math3.optimization.direct.CMAESOptimizer,AI_API/Campaign/manifest.json;config/round1-full854.json,saved manifest; not a fresh Defects4J query
Math,21,org.apache.commons.math3.linear.RectangularCholeskyDecomposition,AI_API/Campaign/manifest.json;config/round1-full854.json,saved manifest; not a fresh Defects4J query
Math,22,org.apache.commons.math3.distribution.FDistribution;org.apache.commons.math3.distribution.UniformRealDistribution,AI_API/Campaign/manifest.json;config/round1-full854.json,saved manifest; not a fresh Defects4J query
Math,23,org.apache.commons.math3.optimization.univariate.BrentOptimizer,AI_API/Campaign/manifest.json;config/round1-full854.json,saved manifest; not a fresh Defects4J query
Math,24,org.apache.commons.math3.optimization.univariate.BrentOptimizer,AI_API/Campaign/manifest.json;config/round1-full854.json,saved manifest; not a fresh Defects4J query
Math,25,org.apache.commons.math3.optimization.fitting.HarmonicFitter,AI_API/Campaign/manifest.json;config/round1-full854.json,saved manifest; not a fresh Defects4J query
Math,26,org.apache.commons.math3.fraction.Fraction,AI_API/Campaign/manifest.json;config/round1-full854.json,saved manifest; not a fresh Defects4J query
Math,27,org.apache.commons.math3.fraction.Fraction,AI_API/Campaign/manifest.json;config/round1-full854.json,saved manifest; not a fresh Defects4J query
Math,28,org.apache.commons.math3.optimization.linear.SimplexSolver,AI_API/Campaign/manifest.json;config/round1-full854.json,saved manifest; not a fresh Defects4J query
Math,29,org.apache.commons.math3.linear.OpenMapRealVector,AI_API/Campaign/manifest.json;config/round1-full854.json,saved manifest; not a fresh Defects4J query
Math,30,org.apache.commons.math3.stat.inference.MannWhitneyUTest,AI_API/Campaign/manifest.json;config/round1-full854.json,saved manifest; not a fresh Defects4J query
Math,31,org.apache.commons.math3.util.ContinuedFraction,AI_API/Campaign/manifest.json;config/round1-full854.json,saved manifest; not a fresh Defects4J query
Math,32,org.apache.commons.math3.geometry.euclidean.twod.PolygonsSet,AI_API/Campaign/manifest.json;config/round1-full854.json,saved manifest; not a fresh Defects4J query
Math,33,org.apache.commons.math3.optimization.linear.SimplexTableau,AI_API/Campaign/manifest.json;config/round1-full854.json,saved manifest; not a fresh Defects4J query
Math,34,org.apache.commons.math3.genetics.ListPopulation,AI_API/Campaign/manifest.json;config/round1-full854.json,saved manifest; not a fresh Defects4J query
Math,35,org.apache.commons.math3.genetics.ElitisticListPopulation,AI_API/Campaign/manifest.json;config/round1-full854.json,saved manifest; not a fresh Defects4J query
Math,36,org.apache.commons.math.fraction.BigFraction,AI_API/Campaign/manifest.json;config/round1-full854.json,saved manifest; not a fresh Defects4J query
Math,37,org.apache.commons.math.complex.Complex,AI_API/Campaign/manifest.json;config/round1-full854.json,saved manifest; not a fresh Defects4J query
Math,38,org.apache.commons.math.optimization.direct.BOBYQAOptimizer,AI_API/Campaign/manifest.json;config/round1-full854.json,saved manifest; not a fresh Defects4J query
Math,39,org.apache.commons.math.ode.nonstiff.EmbeddedRungeKuttaIntegrator,AI_API/Campaign/manifest.json;config/round1-full854.json,saved manifest; not a fresh Defects4J query
Math,40,org.apache.commons.math.analysis.solvers.BracketingNthOrderBrentSolver,AI_API/Campaign/manifest.json;config/round1-full854.json,saved manifest; not a fresh Defects4J query
Math,41,org.apache.commons.math.stat.descriptive.moment.Variance,AI_API/Campaign/manifest.json;config/round1-full854.json,saved manifest; not a fresh Defects4J query
Math,42,org.apache.commons.math.optimization.linear.SimplexTableau,AI_API/Campaign/manifest.json;config/round1-full854.json,saved manifest; not a fresh Defects4J query
Math,43,org.apache.commons.math.stat.descriptive.SummaryStatistics,AI_API/Campaign/manifest.json;config/round1-full854.json,saved manifest; not a fresh Defects4J query
Math,44,org.apache.commons.math.ode.AbstractIntegrator,AI_API/Campaign/manifest.json;config/round1-full854.json,saved manifest; not a fresh Defects4J query
Math,45,org.apache.commons.math.linear.OpenMapRealMatrix,AI_API/Campaign/manifest.json;config/round1-full854.json,saved manifest; not a fresh Defects4J query
Math,46,org.apache.commons.math.complex.Complex,AI_API/Campaign/manifest.json;config/round1-full854.json,saved manifest; not a fresh Defects4J query
Math,47,org.apache.commons.math.complex.Complex,AI_API/Campaign/manifest.json;config/round1-full854.json,saved manifest; not a fresh Defects4J query
Math,48,org.apache.commons.math.analysis.solvers.BaseSecantSolver,AI_API/Campaign/manifest.json;config/round1-full854.json,saved manifest; not a fresh Defects4J query
Math,49,org.apache.commons.math.linear.OpenMapRealVector,AI_API/Campaign/manifest.json;config/round1-full854.json,saved manifest; not a fresh Defects4J query
Math,50,org.apache.commons.math.analysis.solvers.BaseSecantSolver,AI_API/Campaign/manifest.json;config/round1-full854.json,saved manifest; not a fresh Defects4J query
Math,51,org.apache.commons.math.analysis.solvers.BaseSecantSolver,AI_API/Campaign/manifest.json;config/round1-full854.json,saved manifest; not a fresh Defects4J query
Math,52,org.apache.commons.math.geometry.euclidean.threed.Rotation,AI_API/Campaign/manifest.json;config/round1-full854.json,saved manifest; not a fresh Defects4J query
Math,53,org.apache.commons.math.complex.Complex,AI_API/Campaign/manifest.json;config/round1-full854.json,saved manifest; not a fresh Defects4J query
Math,54,org.apache.commons.math.dfp.Dfp,AI_API/Campaign/manifest.json;config/round1-full854.json,saved manifest; not a fresh Defects4J query
Math,55,org.apache.commons.math.geometry.Vector3D,AI_API/Campaign/manifest.json;config/round1-full854.json,saved manifest; not a fresh Defects4J query
Math,56,org.apache.commons.math.util.MultidimensionalCounter,AI_API/Campaign/manifest.json;config/round1-full854.json,saved manifest; not a fresh Defects4J query
Math,57,org.apache.commons.math.stat.clustering.KMeansPlusPlusClusterer,AI_API/Campaign/manifest.json;config/round1-full854.json,saved manifest; not a fresh Defects4J query
Math,58,org.apache.commons.math.optimization.fitting.GaussianFitter,AI_API/Campaign/manifest.json;config/round1-full854.json,saved manifest; not a fresh Defects4J query
Math,59,org.apache.commons.math.util.FastMath,AI_API/Campaign/manifest.json;config/round1-full854.json,saved manifest; not a fresh Defects4J query
Math,60,org.apache.commons.math.distribution.NormalDistributionImpl,AI_API/Campaign/manifest.json;config/round1-full854.json,saved manifest; not a fresh Defects4J query
Math,61,org.apache.commons.math.distribution.PoissonDistributionImpl,AI_API/Campaign/manifest.json;config/round1-full854.json,saved manifest; not a fresh Defects4J query
Math,62,org.apache.commons.math.optimization.univariate.MultiStartUnivariateRealOptimizer,AI_API/Campaign/manifest.json;config/round1-full854.json,saved manifest; not a fresh Defects4J query
Math,63,org.apache.commons.math.util.MathUtils,AI_API/Campaign/manifest.json;config/round1-full854.json,saved manifest; not a fresh Defects4J query
Math,64,org.apache.commons.math.optimization.general.LevenbergMarquardtOptimizer,AI_API/Campaign/manifest.json;config/round1-full854.json,saved manifest; not a fresh Defects4J query
Math,65,org.apache.commons.math.optimization.general.AbstractLeastSquaresOptimizer,AI_API/Campaign/manifest.json;config/round1-full854.json,saved manifest; not a fresh Defects4J query
Math,66,org.apache.commons.math.optimization.univariate.BrentOptimizer,AI_API/Campaign/manifest.json;config/round1-full854.json,saved manifest; not a fresh Defects4J query
Math,67,org.apache.commons.math.optimization.MultiStartUnivariateRealOptimizer,AI_API/Campaign/manifest.json;config/round1-full854.json,saved manifest; not a fresh Defects4J query
Math,68,org.apache.commons.math.optimization.general.LevenbergMarquardtOptimizer,AI_API/Campaign/manifest.json;config/round1-full854.json,saved manifest; not a fresh Defects4J query
Math,69,org.apache.commons.math.stat.correlation.PearsonsCorrelation,AI_API/Campaign/manifest.json;config/round1-full854.json,saved manifest; not a fresh Defects4J query
Math,70,org.apache.commons.math.analysis.solvers.BisectionSolver,AI_API/Campaign/manifest.json;config/round1-full854.json,saved manifest; not a fresh Defects4J query
Math,71,org.apache.commons.math.ode.nonstiff.EmbeddedRungeKuttaIntegrator;org.apache.commons.math.ode.nonstiff.RungeKuttaIntegrator,AI_API/Campaign/manifest.json;config/round1-full854.json,saved manifest; not a fresh Defects4J query
Math,72,org.apache.commons.math.analysis.solvers.BrentSolver,AI_API/Campaign/manifest.json;config/round1-full854.json,saved manifest; not a fresh Defects4J query
Math,73,org.apache.commons.math.analysis.solvers.BrentSolver,AI_API/Campaign/manifest.json;config/round1-full854.json,saved manifest; not a fresh Defects4J query
Math,74,org.apache.commons.math.ode.nonstiff.EmbeddedRungeKuttaIntegrator,AI_API/Campaign/manifest.json;config/round1-full854.json,saved manifest; not a fresh Defects4J query
Math,75,org.apache.commons.math.stat.Frequency,AI_API/Campaign/manifest.json;config/round1-full854.json,saved manifest; not a fresh Defects4J query
Math,76,org.apache.commons.math.linear.SingularValueDecompositionImpl,AI_API/Campaign/manifest.json;config/round1-full854.json,saved manifest; not a fresh Defects4J query
Math,77,org.apache.commons.math.linear.ArrayRealVector;org.apache.commons.math.linear.OpenMapRealVector,AI_API/Campaign/manifest.json;config/round1-full854.json,saved manifest; not a fresh Defects4J query
Math,78,org.apache.commons.math.ode.events.EventState,AI_API/Campaign/manifest.json;config/round1-full854.json,saved manifest; not a fresh Defects4J query
Math,79,org.apache.commons.math.util.MathUtils,AI_API/Campaign/manifest.json;config/round1-full854.json,saved manifest; not a fresh Defects4J query
Math,80,org.apache.commons.math.linear.EigenDecompositionImpl,AI_API/Campaign/manifest.json;config/round1-full854.json,saved manifest; not a fresh Defects4J query
Math,81,org.apache.commons.math.linear.EigenDecompositionImpl,AI_API/Campaign/manifest.json;config/round1-full854.json,saved manifest; not a fresh Defects4J query
Math,82,org.apache.commons.math.optimization.linear.SimplexSolver,AI_API/Campaign/manifest.json;config/round1-full854.json,saved manifest; not a fresh Defects4J query
Math,83,org.apache.commons.math.optimization.linear.SimplexTableau,AI_API/Campaign/manifest.json;config/round1-full854.json,saved manifest; not a fresh Defects4J query
Math,84,org.apache.commons.math.optimization.direct.MultiDirectional,AI_API/Campaign/manifest.json;config/round1-full854.json,saved manifest; not a fresh Defects4J query
Math,85,org.apache.commons.math.analysis.solvers.UnivariateRealSolverUtils,AI_API/Campaign/manifest.json;config/round1-full854.json,saved manifest; not a fresh Defects4J query
Math,86,org.apache.commons.math.linear.CholeskyDecompositionImpl,AI_API/Campaign/manifest.json;config/round1-full854.json,saved manifest; not a fresh Defects4J query
Math,87,org.apache.commons.math.optimization.linear.SimplexTableau,AI_API/Campaign/manifest.json;config/round1-full854.json,saved manifest; not a fresh Defects4J query
Math,88,org.apache.commons.math.optimization.linear.SimplexTableau,AI_API/Campaign/manifest.json;config/round1-full854.json,saved manifest; not a fresh Defects4J query
Math,89,org.apache.commons.math.stat.Frequency,AI_API/Campaign/manifest.json;config/round1-full854.json,saved manifest; not a fresh Defects4J query
Math,90,org.apache.commons.math.stat.Frequency,AI_API/Campaign/manifest.json;config/round1-full854.json,saved manifest; not a fresh Defects4J query
Math,91,org.apache.commons.math.fraction.Fraction,AI_API/Campaign/manifest.json;config/round1-full854.json,saved manifest; not a fresh Defects4J query
Math,92,org.apache.commons.math.util.MathUtils,AI_API/Campaign/manifest.json;config/round1-full854.json,saved manifest; not a fresh Defects4J query
Math,93,org.apache.commons.math.util.MathUtils,AI_API/Campaign/manifest.json;config/round1-full854.json,saved manifest; not a fresh Defects4J query
Math,94,org.apache.commons.math.util.MathUtils,AI_API/Campaign/manifest.json;config/round1-full854.json,saved manifest; not a fresh Defects4J query
Math,95,org.apache.commons.math.distribution.FDistributionImpl,AI_API/Campaign/manifest.json;config/round1-full854.json,saved manifest; not a fresh Defects4J query
Math,96,org.apache.commons.math.complex.Complex,AI_API/Campaign/manifest.json;config/round1-full854.json,saved manifest; not a fresh Defects4J query
Math,97,org.apache.commons.math.analysis.BrentSolver,AI_API/Campaign/manifest.json;config/round1-full854.json,saved manifest; not a fresh Defects4J query
Math,98,org.apache.commons.math.linear.BigMatrixImpl;org.apache.commons.math.linear.RealMatrixImpl,AI_API/Campaign/manifest.json;config/round1-full854.json,saved manifest; not a fresh Defects4J query
Math,99,org.apache.commons.math.util.MathUtils,AI_API/Campaign/manifest.json;config/round1-full854.json,saved manifest; not a fresh Defects4J query
Math,100,org.apache.commons.math.estimation.AbstractEstimator,AI_API/Campaign/manifest.json;config/round1-full854.json,saved manifest; not a fresh Defects4J query
Math,101,org.apache.commons.math.complex.ComplexFormat,AI_API/Campaign/manifest.json;config/round1-full854.json,saved manifest; not a fresh Defects4J query
Math,102,org.apache.commons.math.stat.inference.ChiSquareTestImpl,AI_API/Campaign/manifest.json;config/round1-full854.json,saved manifest; not a fresh Defects4J query
Math,103,org.apache.commons.math.distribution.NormalDistributionImpl,AI_API/Campaign/manifest.json;config/round1-full854.json,saved manifest; not a fresh Defects4J query
Math,104,org.apache.commons.math.special.Gamma,AI_API/Campaign/manifest.json;config/round1-full854.json,saved manifest; not a fresh Defects4J query
Math,105,org.apache.commons.math.stat.regression.SimpleRegression,AI_API/Campaign/manifest.json;config/round1-full854.json,saved manifest; not a fresh Defects4J query
Math,106,org.apache.commons.math.fraction.ProperFractionFormat,AI_API/Campaign/manifest.json;config/round1-full854.json,saved manifest; not a fresh Defects4J query
Mockito,1,org.mockito.internal.invocation.InvocationMatcher,AI_API/Campaign/manifest.json;config/round1-full854.json,saved manifest; not a fresh Defects4J query
Mockito,2,org.mockito.internal.util.Timer,AI_API/Campaign/manifest.json;config/round1-full854.json,saved manifest; not a fresh Defects4J query
Mockito,3,org.mockito.internal.invocation.InvocationMatcher,AI_API/Campaign/manifest.json;config/round1-full854.json,saved manifest; not a fresh Defects4J query
Mockito,4,org.mockito.exceptions.Reporter,AI_API/Campaign/manifest.json;config/round1-full854.json,saved manifest; not a fresh Defects4J query
Mockito,5,org.mockito.internal.verification.VerificationOverTimeImpl,AI_API/Campaign/manifest.json;config/round1-full854.json,saved manifest; not a fresh Defects4J query
Mockito,6,org.mockito.Matchers,AI_API/Campaign/manifest.json;config/round1-full854.json,saved manifest; not a fresh Defects4J query
Mockito,7,org.mockito.internal.util.reflection.GenericMetadataSupport,AI_API/Campaign/manifest.json;config/round1-full854.json,saved manifest; not a fresh Defects4J query
Mockito,8,org.mockito.internal.util.reflection.GenericMetadataSupport,AI_API/Campaign/manifest.json;config/round1-full854.json,saved manifest; not a fresh Defects4J query
Mockito,9,org.mockito.internal.stubbing.answers.CallsRealMethods,AI_API/Campaign/manifest.json;config/round1-full854.json,saved manifest; not a fresh Defects4J query
Mockito,10,org.mockito.internal.stubbing.defaultanswers.ReturnsDeepStubs,AI_API/Campaign/manifest.json;config/round1-full854.json,saved manifest; not a fresh Defects4J query
Mockito,11,org.mockito.internal.creation.DelegatingMethod,AI_API/Campaign/manifest.json;config/round1-full854.json,saved manifest; not a fresh Defects4J query
Mockito,12,org.mockito.internal.util.reflection.GenericMaster,AI_API/Campaign/manifest.json;config/round1-full854.json,saved manifest; not a fresh Defects4J query
Mockito,13,org.mockito.internal.MockHandler,AI_API/Campaign/manifest.json;config/round1-full854.json,saved manifest; not a fresh Defects4J query
Mockito,14,org.mockito.internal.MockHandler;org.mockito.internal.MockitoCore,AI_API/Campaign/manifest.json;config/round1-full854.json,saved manifest; not a fresh Defects4J query
Mockito,15,org.mockito.internal.configuration.injection.FinalMockCandidateFilter,AI_API/Campaign/manifest.json;config/round1-full854.json,saved manifest; not a fresh Defects4J query
Mockito,16,org.mockito.Mockito;org.mockito.internal.MockitoCore,AI_API/Campaign/manifest.json;config/round1-full854.json,saved manifest; not a fresh Defects4J query
Mockito,17,org.mockito.internal.creation.MockSettingsImpl;org.mockito.internal.util.MockUtil,AI_API/Campaign/manifest.json;config/round1-full854.json,saved manifest; not a fresh Defects4J query
Mockito,18,org.mockito.internal.stubbing.defaultanswers.ReturnsEmptyValues,AI_API/Campaign/manifest.json;config/round1-full854.json,saved manifest; not a fresh Defects4J query
Mockito,19,org.mockito.internal.configuration.injection.PropertyAndSetterInjection;org.mockito.internal.configuration.injection.filter.FinalMockCandidateFilter;org.mockito.internal.configuration.injection.filter.MockCandidateFilter;org.mockito.internal.configuration.injection.filter.NameBasedCandidateFilter;org.mockito.internal.configuration.injection.filter.TypeBasedCandidateFilter,AI_API/Campaign/manifest.json;config/round1-full854.json,saved manifest; not a fresh Defects4J query
Mockito,20,org.mockito.internal.creation.bytebuddy.ByteBuddyMockMaker,AI_API/Campaign/manifest.json;config/round1-full854.json,saved manifest; not a fresh Defects4J query
Mockito,21,org.mockito.internal.creation.instance.ConstructorInstantiator,AI_API/Campaign/manifest.json;config/round1-full854.json,saved manifest; not a fresh Defects4J query
Mockito,22,org.mockito.internal.matchers.Equality,AI_API/Campaign/manifest.json;config/round1-full854.json,saved manifest; not a fresh Defects4J query
Mockito,23,org.mockito.internal.stubbing.defaultanswers.ReturnsDeepStubs,AI_API/Campaign/manifest.json;config/round1-full854.json,saved manifest; not a fresh Defects4J query
Mockito,24,org.mockito.internal.stubbing.defaultanswers.ReturnsEmptyValues,AI_API/Campaign/manifest.json;config/round1-full854.json,saved manifest; not a fresh Defects4J query
Mockito,25,org.mockito.internal.stubbing.defaultanswers.ReturnsDeepStubs,AI_API/Campaign/manifest.json;config/round1-full854.json,saved manifest; not a fresh Defects4J query
Mockito,26,org.mockito.internal.util.Primitives,AI_API/Campaign/manifest.json;config/round1-full854.json,saved manifest; not a fresh Defects4J query
Mockito,27,org.mockito.internal.util.MockUtil,AI_API/Campaign/manifest.json;config/round1-full854.json,saved manifest; not a fresh Defects4J query
Mockito,28,org.mockito.internal.configuration.DefaultInjectionEngine,AI_API/Campaign/manifest.json;config/round1-full854.json,saved manifest; not a fresh Defects4J query
Mockito,29,org.mockito.internal.matchers.Same,AI_API/Campaign/manifest.json;config/round1-full854.json,saved manifest; not a fresh Defects4J query
Mockito,30,org.mockito.exceptions.Reporter;org.mockito.internal.stubbing.defaultanswers.ReturnsSmartNulls,AI_API/Campaign/manifest.json;config/round1-full854.json,saved manifest; not a fresh Defects4J query
Mockito,31,org.mockito.internal.stubbing.defaultanswers.ReturnsSmartNulls,AI_API/Campaign/manifest.json;config/round1-full854.json,saved manifest; not a fresh Defects4J query
Mockito,32,org.mockito.internal.configuration.SpyAnnotationEngine,AI_API/Campaign/manifest.json;config/round1-full854.json,saved manifest; not a fresh Defects4J query
Mockito,33,org.mockito.internal.invocation.InvocationMatcher,AI_API/Campaign/manifest.json;config/round1-full854.json,saved manifest; not a fresh Defects4J query
Mockito,34,org.mockito.internal.invocation.InvocationMatcher,AI_API/Campaign/manifest.json;config/round1-full854.json,saved manifest; not a fresh Defects4J query
Mockito,35,org.mockito.Matchers,AI_API/Campaign/manifest.json;config/round1-full854.json,saved manifest; not a fresh Defects4J query
Mockito,36,org.mockito.internal.invocation.Invocation,AI_API/Campaign/manifest.json;config/round1-full854.json,saved manifest; not a fresh Defects4J query
Mockito,37,org.mockito.internal.stubbing.answers.AnswersValidator,AI_API/Campaign/manifest.json;config/round1-full854.json,saved manifest; not a fresh Defects4J query
Mockito,38,org.mockito.internal.verification.argumentmatching.ArgumentMatchingTool,AI_API/Campaign/manifest.json;config/round1-full854.json,saved manifest; not a fresh Defects4J query
Time,1,org.joda.time.Partial;org.joda.time.field.UnsupportedDurationField,AI_API/Campaign/manifest.json;config/round1-full854.json,saved manifest; not a fresh Defects4J query
Time,2,org.joda.time.Partial;org.joda.time.field.UnsupportedDurationField,AI_API/Campaign/manifest.json;config/round1-full854.json,saved manifest; not a fresh Defects4J query
Time,3,org.joda.time.MutableDateTime,AI_API/Campaign/manifest.json;config/round1-full854.json,saved manifest; not a fresh Defects4J query
Time,4,org.joda.time.Partial,AI_API/Campaign/manifest.json;config/round1-full854.json,saved manifest; not a fresh Defects4J query
Time,5,org.joda.time.Period,AI_API/Campaign/manifest.json;config/round1-full854.json,saved manifest; not a fresh Defects4J query
Time,6,org.joda.time.chrono.GJChronology,AI_API/Campaign/manifest.json;config/round1-full854.json,saved manifest; not a fresh Defects4J query
Time,7,org.joda.time.format.DateTimeFormatter,AI_API/Campaign/manifest.json;config/round1-full854.json,saved manifest; not a fresh Defects4J query
Time,8,org.joda.time.DateTimeZone,AI_API/Campaign/manifest.json;config/round1-full854.json,saved manifest; not a fresh Defects4J query
Time,9,org.joda.time.DateTimeZone,AI_API/Campaign/manifest.json;config/round1-full854.json,saved manifest; not a fresh Defects4J query
Time,10,org.joda.time.base.BaseSingleFieldPeriod,AI_API/Campaign/manifest.json;config/round1-full854.json,saved manifest; not a fresh Defects4J query
Time,11,org.joda.time.tz.ZoneInfoCompiler,AI_API/Campaign/manifest.json;config/round1-full854.json,saved manifest; not a fresh Defects4J query
Time,12,org.joda.time.LocalDate;org.joda.time.LocalDateTime,AI_API/Campaign/manifest.json;config/round1-full854.json,saved manifest; not a fresh Defects4J query
Time,13,org.joda.time.format.PeriodFormatterBuilder,AI_API/Campaign/manifest.json;config/round1-full854.json,saved manifest; not a fresh Defects4J query
Time,14,org.joda.time.chrono.BasicMonthOfYearDateTimeField,AI_API/Campaign/manifest.json;config/round1-full854.json,saved manifest; not a fresh Defects4J query
Time,15,org.joda.time.field.FieldUtils,AI_API/Campaign/manifest.json;config/round1-full854.json,saved manifest; not a fresh Defects4J query
Time,16,org.joda.time.format.DateTimeFormatter,AI_API/Campaign/manifest.json;config/round1-full854.json,saved manifest; not a fresh Defects4J query
Time,17,org.joda.time.DateTimeZone,AI_API/Campaign/manifest.json;config/round1-full854.json,saved manifest; not a fresh Defects4J query
Time,18,org.joda.time.chrono.GJChronology,AI_API/Campaign/manifest.json;config/round1-full854.json,saved manifest; not a fresh Defects4J query
Time,19,org.joda.time.DateTimeZone,AI_API/Campaign/manifest.json;config/round1-full854.json,saved manifest; not a fresh Defects4J query
Time,20,org.joda.time.format.DateTimeFormatterBuilder,AI_API/Campaign/manifest.json;config/round1-full854.json,saved manifest; not a fresh Defects4J query
Time,22,org.joda.time.base.BasePeriod,AI_API/Campaign/manifest.json;config/round1-full854.json,saved manifest; not a fresh Defects4J query
Time,23,org.joda.time.DateTimeZone,AI_API/Campaign/manifest.json;config/round1-full854.json,saved manifest; not a fresh Defects4J query
Time,24,org.joda.time.format.DateTimeParserBucket,AI_API/Campaign/manifest.json;config/round1-full854.json,saved manifest; not a fresh Defects4J query
Time,25,org.joda.time.DateTimeZone,AI_API/Campaign/manifest.json;config/round1-full854.json,saved manifest; not a fresh Defects4J query
Time,26,org.joda.time.DateTimeZone;org.joda.time.chrono.ZonedChronology;org.joda.time.field.LenientDateTimeField,AI_API/Campaign/manifest.json;config/round1-full854.json,saved manifest; not a fresh Defects4J query
Time,27,org.joda.time.format.PeriodFormatterBuilder,AI_API/Campaign/manifest.json;config/round1-full854.json,saved manifest; not a fresh Defects4J query
